TEAM_ID,MISSION_TIME,PACKET_COUNT,PACKET_TYPE,MODE,TP_RELEASED,ALTITUDE,TEMP,VOLTAGE,GPS_TIME,GPS_LATITUDE,GPS_LONGITUDE,GPS_ALTITUDE,GPS_SATS,SOFTWARE_STATE,CMD_ECHO
1063,12:24:43,1,C,F,R,95,60,38,12:24:43,21,78,51,85,Decent,CXON
1063,12:24:43,2,C,F,R,92,29,32,12:24:43,17,83,87,100,Decent,CXON
1063,12:24:43,3,C,F,R,58,36,23,12:24:43,61,22,37,75,Decent,CXON
1063,12:24:43,4,C,F,R,29,61,85,12:24:43,81,27,48,26,Decent,CXON
1063,12:24:43,5,C,F,R,25,63,61,12:24:43,29,28,12,91,Decent,CXON
1063,12:24:43,6,C,F,R,31,88,10,12:24:43,23,18,69,62,Decent,CXON
1063,12:24:43,7,C,F,R,52,31,41,12:24:43,40,99,16,13,Decent,CXON
1063,12:24:43,8,C,F,R,49,3,98,12:24:43,2,83,44,38,Decent,CXON
1063,12:24:43,9,C,F,R,75,16,30,12:24:43,36,51,73,83,Decent,CXON
1063,12:24:43,10,C,F,R,77,53,63,12:24:43,28,97,79,3,Decent,CXON
1063,12:24:43,11,C,F,R,2,92,84,12:24:43,99,29,69,27,Decent,CXON
1063,12:24:43,12,C,F,R,52,29,47,12:24:43,96,2,44,32,Decent,CXON
1063,12:24:43,13,C,F,R,66,94,12,12:24:43,76,55,83,37,Decent,CXON
1063,12:24:43,14,C,F,R,25,37,45,12:24:43,16,90,91,85,Decent,CXON
1063,12:24:43,15,C,F,R,63,100,44,12:24:43,7,50,49,63,Decent,CXON
1063,12:24:43,16,C,F,R,54,94,93,12:24:43,16,55,64,19,Decent,CXON
1063,12:24:43,17,C,F,R,4,80,11,12:24:43,14,58,28,7,Decent,CXON
1063,12:24:43,18,C,F,R,87,94,36,12:24:43,74,74,57,55,Decent,CXON
1063,12:24:43,19,C,F,R,52,79,19,12:24:43,33,51,76,2,Decent,CXON
1063,12:24:43,20,C,F,R,43,25,78,12:24:43,53,49,14,20,Decent,CXON
1063,12:24:43,21,C,F,R,46,73,99,12:24:43,100,60,30,97,Decent,CXON
1063,12:24:43,22,C,F,R,9,93,62,12:24:43,31,25,21,96,Decent,CXON
1063,12:24:43,23,C,F,R,13,91,12,12:24:43,60,71,28,66,Decent,CXON
1063,12:24:43,24,C,F,R,90,9,50,12:24:43,61,70,63,82,Decent,CXON
1063,12:24:43,25,C,F,R,89,98,76,12:24:43,49,91,17,38,Decent,CXON
1063,12:24:43,26,C,F,R,10,42,27,12:24:43,35,43,83,57,Decent,CXON
1063,12:24:43,27,C,F,R,24,94,100,12:24:43,93,41,86,30,Decent,CXON
1063,12:24:43,28,C,F,R,42,68,63,12:24:43,48,5,19,84,Decent,CXON
1063,12:24:43,29,C,F,R,100,48,57,12:24:43,56,45,52,36,Decent,CXON
1063,12:24:43,30,C,F,R,95,26,92,12:24:43,51,80,33,18,Decent,CXON
1063,12:24:43,31,C,F,R,56,42,28,12:24:43,14,82,86,6,Decent,CXON
1063,12:24:43,32,C,F,R,75,61,77,12:24:43,69,95,54,66,Decent,CXON
1063,12:24:43,33,C,F,R,49,64,14,12:24:43,62,38,31,34,Decent,CXON
1063,12:24:43,34,C,F,R,47,88,68,12:24:43,9,27,93,98,Decent,CXON
1063,12:24:43,35,C,F,R,51,43,23,12:24:43,25,21,17,100,Decent,CXON
1063,12:24:43,36,C,F,R,22,57,8,12:24:43,38,32,60,31,Decent,CXON
1063,12:24:43,37,C,F,R,74,90,70,12:24:43,20,68,26,53,Decent,CXON
1063,12:24:43,38,C,F,R,25,77,19,12:24:43,1,36,73,87,Decent,CXON
1063,12:24:43,39,C,F,R,89,70,14,12:24:43,27,16,56,84,Decent,CXON
1063,12:24:43,40,C,F,R,32,30,43,12:24:43,73,92,54,16,Decent,CXON
1063,12:24:43,41,C,F,R,4,27,48,12:24:43,79,98,37,54,Decent,CXON
1063,12:24:43,42,C,F,R,17,79,56,12:24:43,31,2,70,58,Decent,CXON
1063,12:24:43,43,C,F,R,95,86,92,12:24:43,9,56,88,44,Decent,CXON
1063,12:24:44,44,C,F,R,22,55,54,12:24:44,78,52,61,54,Decent,CXON
1063,12:24:44,45,C,F,R,98,27,22,12:24:44,83,1,56,14,Decent,CXON
1063,12:24:44,46,C,F,R,52,23,60,12:24:44,61,30,29,93,Decent,CXON
1063,12:24:44,47,C,F,R,54,14,36,12:24:44,26,57,4,92,Decent,CXON
1063,12:24:44,48,C,F,R,15,47,92,12:24:44,90,60,6,93,Decent,CXON
1063,12:24:44,49,C,F,R,59,65,38,12:24:44,98,70,1,63,Decent,CXON
1063,12:24:44,50,C,F,R,6,81,80,12:24:44,6,92,39,53,Decent,CXON
1063,12:24:44,51,C,F,R,61,80,15,12:24:44,93,78,76,10,Decent,CXON
1063,12:24:44,52,C,F,R,44,31,24,12:24:44,34,31,34,42,Decent,CXON
1063,12:24:44,53,C,F,R,17,2,55,12:24:44,64,16,92,52,Decent,CXON
1063,12:24:44,54,C,F,R,0,36,78,12:24:44,76,12,74,86,Decent,CXON
1063,12:24:44,55,C,F,R,42,70,7,12:24:44,47,4,58,20,Decent,CXON
1063,12:24:44,56,C,F,R,95,93,46,12:24:44,31,94,3,19,Decent,CXON
1063,12:24:44,57,C,F,R,31,28,42,12:24:44,78,17,62,13,Decent,CXON
1063,12:24:44,58,C,F,R,1,88,77,12:24:44,84,5,84,52,Decent,CXON
1063,12:24:44,59,C,F,R,66,12,16,12:24:44,99,5,12,88,Decent,CXON
1063,12:24:44,60,C,F,R,15,43,87,12:24:44,67,23,82,87,Decent,CXON
1063,12:24:44,61,C,F,R,12,94,2,12:24:44,75,52,56,87,Decent,CXON
1063,12:24:44,62,C,F,R,64,88,15,12:24:44,53,18,37,97,Decent,CXON
1063,12:24:44,63,C,F,R,79,45,91,12:24:44,68,6,27,36,Decent,CXON
1063,12:24:44,64,C,F,R,27,42,24,12:24:44,34,42,74,30,Decent,CXON
1063,12:24:44,65,C,F,R,1,79,49,12:24:44,55,17,75,55,Decent,CXON
1063,12:24:44,66,C,F,R,61,29,65,12:24:44,90,83,44,10,Decent,CXON
1063,12:24:44,67,C,F,R,38,38,95,12:24:44,62,29,75,11,Decent,CXON
1063,12:24:44,68,C,F,R,13,3,34,12:24:44,33,25,48,27,Decent,CXON
1063,12:24:44,69,C,F,R,22,3,93,12:24:44,29,17,17,71,Decent,CXON
1063,12:24:44,70,C,F,R,56,78,100,12:24:44,46,97,6,37,Decent,CXON
1063,12:24:44,71,C,F,R,59,83,42,12:24:44,1,55,74,63,Decent,CXON
1063,12:24:44,72,C,F,R,29,2,94,12:24:44,69,14,9,6,Decent,CXON
1063,12:24:44,73,C,F,R,28,84,62,12:24:44,84,20,31,26,Decent,CXON
1063,12:24:44,74,C,F,R,38,71,22,12:24:44,18,63,16,91,Decent,CXON
1063,12:24:44,75,C,F,R,48,25,16,12:24:44,97,73,51,6,Decent,CXON
1063,12:24:44,76,C,F,R,26,94,27,12:24:44,53,77,74,74,Decent,CXON
1063,12:24:44,77,C,F,R,25,59,44,12:24:44,65,50,26,72,Decent,CXON
1063,12:24:44,78,C,F,R,42,3,5,12:24:44,10,21,30,91,Decent,CXON
1063,12:24:44,79,C,F,R,86,100,60,12:24:44,58,49,15,88,Decent,CXON
1063,12:24:44,80,C,F,R,96,98,46,12:24:44,22,49,45,93,Decent,CXON
1063,12:24:44,81,C,F,R,95,24,59,12:24:44,4,25,78,28,Decent,CXON
1063,12:24:44,82,C,F,R,83,20,28,12:24:44,28,99,92,69,Decent,CXON
1063,12:24:44,83,C,F,R,67,49,55,12:24:44,29,71,17,47,Decent,CXON
1063,12:24:44,84,C,F,R,24,54,34,12:24:44,93,90,98,27,Decent,CXON
1063,12:24:44,85,C,F,R,52,41,68,12:24:44,82,41,53,89,Decent,CXON
1063,12:24:44,86,C,F,R,7,34,79,12:24:44,54,33,17,31,Decent,CXON
1063,12:24:44,87,C,F,R,89,99,15,12:24:44,34,38,43,2,Decent,CXON
1063,12:24:44,88,C,F,R,59,61,33,12:24:44,1,83,67,12,Decent,CXON
1063,12:24:44,89,C,F,R,9,30,98,12:24:44,42,99,48,15,Decent,CXON
1063,12:24:44,90,C,F,R,55,64,21,12:24:44,96,54,15,4,Decent,CXON
1063,12:24:44,91,C,F,R,100,23,27,12:24:44,37,62,9,80,Decent,CXON
1063,12:24:44,92,C,F,R,5,54,61,12:24:44,36,63,64,43,Decent,CXON
1063,12:24:44,93,C,F,R,84,51,61,12:24:44,77,6,31,91,Decent,CXON
1063,12:24:44,94,C,F,R,44,59,29,12:24:44,81,35,87,4,Decent,CXON
1063,12:24:44,95,C,F,R,92,86,87,12:24:44,27,98,63,60,Decent,CXON
1063,12:24:44,96,C,F,R,84,67,26,12:24:44,19,29,40,36,Decent,CXON
1063,12:24:44,97,C,F,R,2,78,37,12:24:44,67,44,86,52,Decent,CXON
1063,12:24:44,98,C,F,R,52,66,28,12:24:44,56,93,69,71,Decent,CXON
1063,12:24:44,99,C,F,R,29,69,21,12:24:44,35,5,61,5,Decent,CXON
1063,12:24:44,100,C,F,R,58,73,26,12:24:44,94,66,92,24,Decent,CXON
1063,12:24:44,101,C,F,R,9,66,1,12:24:44,31,74,92,88,Decent,CXON
1063,12:24:44,102,C,F,R,5,70,58,12:24:44,68,36,6,78,Decent,CXON
1063,12:24:44,103,C,F,R,13,24,12,12:24:44,49,49,65,91,Decent,CXON
1063,12:24:44,104,C,F,R,29,39,27,12:24:44,4,37,51,34,Decent,CXON
1063,12:24:44,105,C,F,R,41,72,99,12:24:44,9,41,41,52,Decent,CXON
1063,12:24:44,106,C,F,R,52,37,30,12:24:44,21,46,27,84,Decent,CXON
1063,12:24:44,107,C,F,R,95,51,31,12:24:44,90,30,45,47,Decent,CXON
1063,12:24:44,108,C,F,R,50,21,72,12:24:44,79,65,28,36,Decent,CXON
1063,12:24:44,109,C,F,R,24,56,47,12:24:44,29,73,90,61,Decent,CXON
1063,12:24:44,110,C,F,R,24,37,21,12:24:44,78,16,79,76,Decent,CXON
1063,12:24:44,111,C,F,R,55,17,49,12:24:44,76,0,88,6,Decent,CXON
1063,12:24:45,112,C,F,R,43,6,43,12:24:45,53,49,6,12,Decent,CXON
1063,12:24:45,113,C,F,R,50,13,42,12:24:45,84,35,30,31,Decent,CXON
1063,12:24:45,114,C,F,R,35,65,98,12:24:45,61,27,57,30,Decent,CXON
1063,12:24:45,115,C,F,R,65,87,9,12:24:45,33,22,14,23,Decent,CXON
1063,12:24:45,116,C,F,R,22,95,66,12:24:45,28,22,58,38,Decent,CXON
1063,12:24:45,117,C,F,R,44,21,9,12:24:45,4,98,70,63,Decent,CXON
1063,12:24:45,118,C,F,R,16,74,77,12:24:45,23,95,94,36,Decent,CXON
1063,12:24:45,119,C,F,R,54,90,81,12:24:45,24,36,0,86,Decent,CXON
1063,12:24:45,120,C,F,R,50,100,30,12:24:45,48,49,59,77,Decent,CXON
1063,12:24:45,121,C,F,R,80,63,41,12:24:45,15,24,88,60,Decent,CXON
1063,12:24:45,122,C,F,R,50,39,100,12:24:45,85,31,99,79,Decent,CXON
1063,12:24:45,123,C,F,R,36,92,56,12:24:45,35,13,39,20,Decent,CXON
1063,12:24:45,124,C,F,R,10,89,15,12:24:45,30,68,100,25,Decent,CXON
1063,12:24:45,125,C,F,R,77,49,61,12:24:45,94,90,15,33,Decent,CXON
1063,12:24:45,126,C,F,R,53,11,98,12:24:45,49,93,75,16,Decent,CXON
1063,12:24:45,127,C,F,R,50,16,68,12:24:45,46,32,60,30,Decent,CXON
1063,12:24:45,128,C,F,R,91,9,29,12:24:45,56,51,78,97,Decent,CXON
1063,12:24:45,129,C,F,R,74,67,85,12:24:45,2,59,25,27,Decent,CXON
1063,12:24:45,130,C,F,R,39,81,72,12:24:45,11,93,96,0,Decent,CXON
1063,12:24:45,131,C,F,R,34,91,26,12:24:45,24,52,87,36,Decent,CXON
1063,12:24:45,132,C,F,R,97,32,36,12:24:45,36,28,70,58,Decent,CXON
1063,12:24:45,133,C,F,R,38,8,43,12:24:45,94,19,77,78,Decent,CXON
1063,12:24:45,134,C,F,R,10,65,70,12:24:45,5,64,100,10,Decent,CXON
1063,12:24:45,135,C,F,R,91,23,69,12:24:45,46,87,64,100,Decent,CXON
1063,12:24:45,136,C,F,R,67,7,83,12:24:45,21,42,28,35,Decent,CXON
1063,12:24:45,137,C,F,R,20,42,88,12:24:45,37,16,63,74,Decent,CXON
1063,12:24:45,138,C,F,R,69,77,74,12:24:45,81,4,53,92,Decent,CXON
1063,12:24:45,139,C,F,R,93,88,24,12:24:45,46,37,48,57,Decent,CXON
1063,12:24:45,140,C,F,R,32,72,6,12:24:45,89,11,1,23,Decent,CXON
1063,12:24:45,141,C,F,R,63,55,10,12:24:45,45,38,37,34,Decent,CXON
1063,12:24:45,142,C,F,R,56,1,4,12:24:45,98,1,87,95,Decent,CXON
1063,12:24:45,143,C,F,R,95,71,41,12:24:45,45,49,7,85,Decent,CXON
1063,12:24:45,144,C,F,R,55,20,78,12:24:45,38,37,0,9,Decent,CXON
1063,12:24:45,145,C,F,R,93,88,33,12:24:45,4,68,19,12,Decent,CXON
1063,12:24:45,146,C,F,R,58,61,96,12:24:45,10,60,14,39,Decent,CXON
1063,12:24:45,147,C,F,R,98,40,82,12:24:45,66,15,87,56,Decent,CXON
1063,12:24:45,148,C,F,R,78,37,75,12:24:45,97,18,92,17,Decent,CXON
1063,12:24:45,149,C,F,R,49,80,26,12:24:45,15,13,4,85,Decent,CXON
1063,12:24:45,150,C,F,R,13,86,4,12:24:45,6,65,2,42,Decent,CXON
1063,12:24:45,151,C,F,R,63,90,38,12:24:45,88,67,98,22,Decent,CXON
1063,12:24:45,152,C,F,R,64,68,23,12:24:45,13,11,27,37,Decent,CXON
1063,12:24:45,153,C,F,R,56,20,0,12:24:45,62,11,76,29,Decent,CXON
1063,12:24:45,154,C,F,R,9,26,91,12:24:45,46,8,42,58,Decent,CXON
1063,12:24:45,155,C,F,R,8,33,21,12:24:45,13,80,40,21,Decent,CXON
1063,12:24:45,156,C,F,R,41,59,11,12:24:45,47,41,34,93,Decent,CXON
1063,12:24:45,157,C,F,R,28,73,88,12:24:45,5,74,25,72,Decent,CXON
1063,12:24:45,158,C,F,R,16,28,35,12:24:45,6,79,13,40,Decent,CXON
1063,12:24:45,159,C,F,R,77,46,82,12:24:45,78,17,44,10,Decent,CXON
1063,12:24:45,160,C,F,R,25,28,32,12:24:45,5,51,31,69,Decent,CXON
1063,12:24:45,161,C,F,R,90,57,16,12:24:45,8,68,35,78,Decent,CXON
1063,12:24:45,162,C,F,R,12,56,88,12:24:45,81,15,94,2,Decent,CXON
1063,12:24:45,163,C,F,R,67,19,1,12:24:45,27,48,62,48,Decent,CXON
1063,12:24:45,164,C,F,R,69,29,13,12:24:45,37,95,98,34,Decent,CXON
1063,12:24:45,165,C,F,R,49,26,37,12:24:45,71,52,27,41,Decent,CXON
1063,12:24:45,166,C,F,R,20,21,79,12:24:45,35,48,98,29,Decent,CXON
1063,12:24:45,167,C,F,R,84,9,27,12:24:45,94,68,12,9,Decent,CXON
1063,12:24:45,168,C,F,R,6,75,35,12:24:45,41,67,29,88,Decent,CXON
1063,12:24:45,169,C,F,R,12,43,43,12:24:45,80,37,70,11,Decent,CXON
1063,12:24:45,170,C,F,R,34,74,32,12:24:45,1,60,44,48,Decent,CXON
1063,12:24:45,171,C,F,R,44,7,4,12:24:45,71,52,72,8,Decent,CXON
1063,12:24:45,172,C,F,R,9,38,21,12:24:45,65,77,34,94,Decent,CXON
1063,12:24:45,173,C,F,R,22,70,49,12:24:45,25,75,14,59,Decent,CXON
1063,12:24:45,174,C,F,R,44,6,47,12:24:45,54,75,21,34,Decent,CXON
1063,12:24:45,175,C,F,R,22,76,90,12:24:45,95,70,5,52,Decent,CXON
1063,12:24:45,176,C,F,R,86,3,75,12:24:45,50,58,51,41,Decent,CXON
1063,12:24:45,177,C,F,R,53,84,6,12:24:45,15,55,58,65,Decent,CXON
1063,12:24:45,178,C,F,R,35,93,88,12:24:45,69,0,14,60,Decent,CXON
1063,12:24:45,179,C,F,R,69,40,60,12:24:45,59,43,50,20,Decent,CXON
1063,12:24:46,180,C,F,R,57,38,95,12:24:46,62,66,31,58,Decent,CXON
1063,12:24:46,181,C,F,R,68,94,35,12:24:46,85,1,33,68,Decent,CXON
1063,12:24:46,182,C,F,R,29,13,54,12:24:46,84,1,72,54,Decent,CXON
1063,12:24:46,183,C,F,R,81,51,60,12:24:46,54,60,96,65,Decent,CXON
1063,12:24:46,184,C,F,R,29,64,71,12:24:46,15,41,52,2,Decent,CXON
1063,12:24:46,185,C,F,R,13,81,29,12:24:46,55,83,33,29,Decent,CXON
1063,12:24:46,186,C,F,R,85,20,60,12:24:46,97,5,66,100,Decent,CXON
1063,12:24:46,187,C,F,R,57,34,2,12:24:46,48,84,34,3,Decent,CXON
1063,12:24:46,188,C,F,R,30,12,44,12:24:46,90,100,30,11,Decent,CXON
1063,12:24:46,189,C,F,R,50,19,48,12:24:46,30,30,73,31,Decent,CXON
1063,12:24:46,190,C,F,R,29,85,58,12:24:46,19,79,62,94,Decent,CXON
1063,12:24:46,191,C,F,R,33,53,78,12:24:46,13,47,7,5,Decent,CXON
1063,12:24:46,192,C,F,R,83,10,11,12:24:46,5,17,89,86,Decent,CXON
1063,12:24:46,193,C,F,R,29,85,29,12:24:46,17,92,32,29,Decent,CXON
1063,12:24:46,194,C,F,R,86,97,16,12:24:46,50,86,57,52,Decent,CXON
1063,12:24:46,195,C,F,R,74,18,52,12:24:46,66,8,19,81,Decent,CXON
1063,12:24:46,196,C,F,R,0,25,37,12:24:46,89,18,36,85,Decent,CXON
1063,12:24:46,197,C,F,R,30,64,6,12:24:46,20,3,23,97,Decent,CXON
1063,12:24:46,198,C,F,R,48,24,69,12:24:46,1,72,58,34,Decent,CXON
1063,12:24:46,199,C,F,R,81,1,92,12:24:46,74,79,85,69,Decent,CXON
1063,12:24:46,200,C,F,R,11,62,15,12:24:46,18,58,40,38,Decent,CXON
1063,12:24:46,201,C,F,R,54,46,61,12:24:46,2,90,72,71,Decent,CXON
1063,12:24:46,202,C,F,R,52,100,56,12:24:46,89,78,54,74,Decent,CXON
1063,12:24:46,203,C,F,R,29,27,66,12:24:46,43,55,42,92,Decent,CXON
1063,12:24:46,204,C,F,R,78,55,72,12:24:46,17,98,27,36,Decent,CXON
1063,12:24:46,205,C,F,R,48,31,20,12:24:46,74,88,12,45,Decent,CXON
1063,12:24:46,206,C,F,R,32,93,46,12:24:46,8,49,63,92,Decent,CXON
1063,12:24:46,207,C,F,R,85,63,16,12:24:46,84,97,9,51,Decent,CXON
1063,12:24:46,208,C,F,R,90,71,76,12:24:46,26,31,89,83,Decent,CXON
1063,12:24:46,209,C,F,R,41,0,28,12:24:46,78,75,30,3,Decent,CXON
1063,12:24:46,210,C,F,R,28,19,89,12:24:46,25,90,41,64,Decent,CXON
1063,12:24:46,211,C,F,R,29,31,99,12:24:46,47,26,11,68,Decent,CXON
1063,12:24:46,212,C,F,R,33,83,100,12:24:46,33,28,58,18,Decent,CXON
1063,12:24:46,213,C,F,R,100,83,21,12:24:46,30,8,73,0,Decent,CXON
1063,12:24:46,214,C,F,R,68,49,25,12:24:46,43,33,67,82,Decent,CXON
1063,12:24:46,215,C,F,R,22,35,67,12:24:46,29,14,33,13,Decent,CXON
1063,12:24:46,216,C,F,R,36,49,25,12:24:46,22,87,33,77,Decent,CXON
1063,12:24:46,217,C,F,R,79,90,36,12:24:46,52,27,87,15,Decent,CXON
1063,12:24:46,218,C,F,R,86,9,49,12:24:46,26,36,8,23,Decent,CXON
1063,12:24:46,219,C,F,R,28,83,76,12:24:46,81,24,11,32,Decent,CXON
1063,12:24:46,220,C,F,R,21,33,86,12:24:46,71,74,48,71,Decent,CXON
1063,12:24:46,221,C,F,R,14,20,100,12:24:46,75,33,71,0,Decent,CXON
1063,12:24:46,222,C,F,R,60,34,51,12:24:46,72,38,50,23,Decent,CXON
1063,12:24:46,223,C,F,R,98,15,70,12:24:46,31,99,92,76,Decent,CXON
1063,12:24:46,224,C,F,R,40,27,85,12:24:46,79,73,97,41,Decent,CXON
1063,12:24:46,225,C,F,R,46,53,18,12:24:46,61,19,69,46,Decent,CXON
1063,12:24:46,226,C,F,R,9,2,51,12:24:46,95,82,69,84,Decent,CXON
1063,12:24:46,227,C,F,R,95,79,85,12:24:46,87,87,43,87,Decent,CXON
1063,12:24:46,228,C,F,R,81,35,57,12:24:46,61,26,74,36,Decent,CXON
1063,12:24:46,229,C,F,R,19,51,25,12:24:46,95,6,16,45,Decent,CXON
1063,12:24:46,230,C,F,R,39,12,4,12:24:46,27,80,80,25,Decent,CXON
1063,12:24:46,231,C,F,R,0,61,6,12:24:46,12,57,88,30,Decent,CXON
1063,12:24:46,232,C,F,R,80,11,11,12:24:46,94,98,95,67,Decent,CXON
1063,12:24:46,233,C,F,R,84,1,45,12:24:46,38,84,78,17,Decent,CXON
1063,12:24:46,234,C,F,R,68,57,62,12:24:46,72,75,76,46,Decent,CXON
1063,12:24:46,235,C,F,R,12,37,16,12:24:46,64,42,100,51,Decent,CXON
1063,12:24:46,236,C,F,R,83,8,26,12:24:46,61,43,41,32,Decent,CXON
1063,12:24:46,237,C,F,R,3,69,8,12:24:46,6,30,2,44,Decent,CXON
1063,12:24:46,238,C,F,R,11,6,16,12:24:46,12,79,96,41,Decent,CXON
1063,12:24:46,239,C,F,R,46,83,24,12:24:46,57,23,89,16,Decent,CXON
1063,12:24:46,240,C,F,R,38,14,98,12:24:46,72,89,31,33,Decent,CXON
1063,12:24:46,241,C,F,R,42,47,98,12:24:46,9,87,94,43,Decent,CXON
1063,12:24:46,242,C,F,R,73,82,70,12:24:46,88,69,50,99,Decent,CXON
1063,12:24:46,243,C,F,R,85,45,70,12:24:46,68,78,63,43,Decent,CXON
1063,12:24:46,244,C,F,R,25,83,78,12:24:46,1,30,85,29,Decent,CXON
1063,12:24:46,245,C,F,R,70,29,15,12:24:46,92,39,16,38,Decent,CXON
1063,12:24:46,246,C,F,R,28,82,16,12:24:46,32,57,22,54,Decent,CXON
1063,12:24:47,247,C,F,R,67,54,8,12:24:47,44,15,13,75,Decent,CXON
1063,12:24:47,248,C,F,R,66,39,36,12:24:47,94,22,42,84,Decent,CXON
1063,12:24:47,249,C,F,R,3,9,62,12:24:47,60,23,90,73,Decent,CXON
1063,12:24:47,250,C,F,R,44,97,62,12:24:47,2,66,30,15,Decent,CXON
1063,12:24:47,251,C,F,R,78,45,83,12:24:47,18,13,40,43,Decent,CXON
1063,12:24:47,252,C,F,R,70,21,94,12:24:47,99,11,61,33,Decent,CXON
1063,12:24:47,253,C,F,R,64,9,74,12:24:47,95,59,44,12,Decent,CXON
1063,12:24:47,254,C,F,R,80,61,92,12:24:47,21,87,12,6,Decent,CXON
1063,12:24:47,255,C,F,R,37,27,22,12:24:47,37,6,0,58,Decent,CXON
1063,12:24:47,256,C,F,R,33,22,85,12:24:47,35,73,92,16,Decent,CXON
1063,12:24:47,257,C,F,R,60,37,36,12:24:47,26,16,47,47,Decent,CXON
1063,12:24:47,258,C,F,R,59,83,25,12:24:47,18,23,56,50,Decent,CXON
1063,12:24:47,259,C,F,R,49,7,62,12:24:47,95,88,49,77,Decent,CXON
1063,12:24:47,260,C,F,R,60,25,76,12:24:47,55,39,27,69,Decent,CXON
1063,12:24:47,261,C,F,R,49,2,8,12:24:47,60,66,53,56,Decent,CXON
1063,12:24:47,262,C,F,R,34,71,0,12:24:47,72,79,36,30,Decent,CXON
1063,12:24:47,263,C,F,R,27,7,80,12:24:47,73,49,55,34,Decent,CXON
1063,12:24:47,264,C,F,R,33,55,35,12:24:47,1,84,34,72,Decent,CXON
1063,12:24:47,265,C,F,R,51,84,93,12:24:47,61,81,94,41,Decent,CXON
1063,12:24:47,266,C,F,R,6,57,65,12:24:47,38,54,13,57,Decent,CXON
1063,12:24:47,267,C,F,R,63,60,91,12:24:47,31,63,92,77,Decent,CXON
1063,12:24:47,268,C,F,R,29,3,12,12:24:47,40,52,52,92,Decent,CXON
1063,12:24:47,269,C,F,R,57,75,19,12:24:47,47,97,36,39,Decent,CXON
1063,12:24:47,270,C,F,R,45,92,35,12:24:47,7,0,93,5,Decent,CXON
1063,12:24:47,271,C,F,R,66,73,75,12:24:47,23,40,55,21,Decent,CXON
1063,12:24:47,272,C,F,R,7,64,21,12:24:47,22,70,90,5,Decent,CXON
1063,12:24:47,273,C,F,R,36,26,7,12:24:47,8,47,62,98,Decent,CXON
1063,12:24:47,274,C,F,R,40,84,43,12:24:47,55,51,47,87,Decent,CXON
1063,12:24:47,275,C,F,R,84,0,76,12:24:47,4,78,56,4,Decent,CXON
1063,12:24:47,276,C,F,R,95,4,33,12:24:47,65,74,3,42,Decent,CXON
1063,12:24:47,277,C,F,R,61,23,92,12:24:47,55,15,93,99,Decent,CXON
1063,12:24:47,278,C,F,R,37,3,53,12:24:47,98,79,97,40,Decent,CXON
1063,12:24:47,279,C,F,R,40,51,44,12:24:47,45,5,86,7,Decent,CXON
1063,12:24:47,280,C,F,R,1,44,65,12:24:47,32,82,42,36,Decent,CXON
1063,12:24:47,281,C,F,R,44,7,83,12:24:47,31,92,17,97,Decent,CXON
1063,12:24:47,282,C,F,R,24,100,0,12:24:47,58,84,20,53,Decent,CXON
1063,12:24:47,283,C,F,R,34,25,93,12:24:47,75,96,21,23,Decent,CXON
1063,12:24:47,284,C,F,R,87,22,5,12:24:47,42,17,2,28,Decent,CXON
1063,12:24:47,285,C,F,R,57,99,90,12:24:47,47,99,22,70,Decent,CXON
1063,12:24:47,286,C,F,R,22,0,48,12:24:47,99,74,67,28,Decent,CXON
1063,12:24:47,287,C,F,R,10,67,31,12:24:47,32,89,41,8,Decent,CXON
1063,12:24:47,288,C,F,R,62,96,35,12:24:47,51,4,77,16,Decent,CXON
1063,12:24:47,289,C,F,R,24,77,12,12:24:47,66,88,34,12,Decent,CXON
1063,12:24:47,290,C,F,R,86,40,87,12:24:47,99,21,53,45,Decent,CXON
1063,12:24:47,291,C,F,R,31,52,5,12:24:47,36,26,53,7,Decent,CXON
1063,12:24:47,292,C,F,R,45,17,52,12:24:47,76,67,84,63,Decent,CXON
1063,12:24:47,293,C,F,R,28,24,35,12:24:47,17,68,39,86,Decent,CXON
1063,12:24:47,294,C,F,R,91,97,54,12:24:47,41,16,58,38,Decent,CXON
1063,12:24:47,295,C,F,R,96,23,50,12:24:47,48,78,0,63,Decent,CXON
1063,12:24:47,296,C,F,R,31,21,97,12:24:47,21,67,59,47,Decent,CXON
1063,12:24:47,297,C,F,R,44,26,41,12:24:47,8,63,18,4,Decent,CXON
1063,12:24:47,298,C,F,R,97,83,57,12:24:47,64,97,87,13,Decent,CXON
1063,12:24:47,299,C,F,R,51,32,11,12:24:47,59,33,83,19,Decent,CXON
1063,12:24:47,300,C,F,R,98,51,79,12:24:47,57,94,88,53,Decent,CXON
1063,12:24:47,301,C,F,R,100,96,2,12:24:47,55,86,81,97,Decent,CXON
1063,12:24:47,302,C,F,R,36,50,63,12:24:47,100,95,68,92,Decent,CXON
1063,12:24:47,303,C,F,R,25,19,20,12:24:47,40,68,35,37,Decent,CXON
1063,12:24:47,304,C,F,R,10,33,1,12:24:47,95,34,21,75,Decent,CXON
1063,12:24:47,305,C,F,R,30,63,84,12:24:47,40,22,70,54,Decent,CXON
1063,12:24:47,306,C,F,R,74,77,88,12:24:47,26,2,51,97,Decent,CXON
1063,12:24:47,307,C,F,R,66,24,72,12:24:47,43,43,25,72,Decent,CXON
1063,12:24:47,308,C,F,R,29,10,21,12:24:47,4,60,85,60,Decent,CXON
1063,12:24:47,309,C,F,R,48,91,41,12:24:47,51,56,79,15,Decent,CXON
1063,12:24:47,310,C,F,R,68,87,73,12:24:47,31,3,3,67,Decent,CXON
1063,12:24:47,311,C,F,R,62,82,84,12:24:47,74,33,10,45,Decent,CXON
1063,12:24:48,312,C,F,R,90,48,69,12:24:48,85,47,2,82,Decent,CXON
1063,12:24:48,313,C,F,R,3,38,17,12:24:48,84,97,96,53,Decent,CXON
1063,12:24:48,314,C,F,R,42,47,46,12:24:48,91,2,12,86,Decent,CXON
1063,12:24:48,315,C,F,R,8,67,76,12:24:48,92,7,49,87,Decent,CXON
1063,12:24:48,316,C,F,R,100,26,86,12:24:48,60,71,94,85,Decent,CXON
1063,12:24:48,317,C,F,R,17,68,26,12:24:48,90,89,93,14,Decent,CXON
1063,12:24:48,318,C,F,R,35,38,26,12:24:48,67,57,44,11,Decent,CXON
1063,12:24:48,319,C,F,R,19,73,90,12:24:48,16,62,99,95,Decent,CXON
1063,12:24:48,320,C,F,R,68,64,14,12:24:48,81,66,51,61,Decent,CXON
1063,12:24:48,321,C,F,R,52,97,21,12:24:48,14,1,70,4,Decent,CXON
1063,12:24:48,322,C,F,R,94,91,96,12:24:48,29,31,7,95,Decent,CXON
1063,12:24:48,323,C,F,R,67,85,30,12:24:48,12,67,3,39,Decent,CXON
1063,12:24:48,324,C,F,R,96,51,21,12:24:48,1,22,61,50,Decent,CXON
1063,12:24:48,325,C,F,R,89,79,13,12:24:48,88,7,17,11,Decent,CXON
1063,12:24:48,326,C,F,R,13,81,87,12:24:48,86,91,53,77,Decent,CXON
1063,12:24:48,327,C,F,R,83,90,73,12:24:48,83,51,28,37,Decent,CXON
1063,12:24:48,328,C,F,R,25,95,62,12:24:48,54,88,53,74,Decent,CXON
1063,12:24:48,329,C,F,R,97,76,8,12:24:48,73,87,84,79,Decent,CXON
1063,12:24:48,330,C,F,R,69,21,16,12:24:48,4,4,44,69,Decent,CXON
1063,12:24:48,331,C,F,R,66,64,95,12:24:48,64,6,12,41,Decent,CXON
1063,12:24:48,332,C,F,R,6,28,38,12:24:48,8,49,76,27,Decent,CXON
1063,12:24:48,333,C,F,R,4,62,51,12:24:48,5,13,46,77,Decent,CXON
1063,12:24:48,334,C,F,R,54,88,48,12:24:48,69,86,27,62,Decent,CXON
1063,12:24:48,335,C,F,R,23,98,23,12:24:48,54,87,40,18,Decent,CXON
1063,12:24:48,336,C,F,R,33,35,87,12:24:48,73,2,62,15,Decent,CXON
1063,12:24:48,337,C,F,R,94,35,74,12:24:48,64,50,34,90,Decent,CXON
1063,12:24:48,338,C,F,R,72,16,28,12:24:48,57,38,3,37,Decent,CXON
1063,12:24:48,339,C,F,R,85,19,44,12:24:48,25,91,29,99,Decent,CXON
1063,12:24:48,340,C,F,R,63,62,70,12:24:48,69,98,87,30,Decent,CXON
1063,12:24:48,341,C,F,R,28,90,95,12:24:48,23,10,19,96,Decent,CXON
1063,12:24:48,342,C,F,R,100,96,73,12:24:48,33,22,68,55,Decent,CXON
1063,12:24:48,343,C,F,R,43,42,19,12:24:48,58,48,18,94,Decent,CXON
1063,12:24:48,344,C,F,R,68,8,85,12:24:48,54,48,61,24,Decent,CXON
1063,12:24:48,345,C,F,R,10,40,64,12:24:48,9,24,2,1,Decent,CXON
1063,12:24:48,346,C,F,R,19,33,48,12:24:48,59,1,97,88,Decent,CXON
1063,12:24:48,347,C,F,R,32,49,81,12:24:48,60,78,0,100,Decent,CXON
1063,12:24:48,348,C,F,R,29,49,46,12:24:48,51,63,13,96,Decent,CXON
1063,12:24:48,349,C,F,R,71,25,10,12:24:48,63,48,34,68,Decent,CXON
1063,12:24:48,350,C,F,R,89,23,11,12:24:48,1,47,42,62,Decent,CXON
1063,12:24:48,351,C,F,R,7,16,80,12:24:48,0,90,100,74,Decent,CXON
1063,12:24:48,352,C,F,R,64,45,79,12:24:48,13,16,13,45,Decent,CXON
1063,12:24:48,353,C,F,R,21,83,4,12:24:48,66,70,92,70,Decent,CXON
1063,12:24:48,354,C,F,R,91,91,22,12:24:48,52,40,82,42,Decent,CXON
1063,12:24:48,355,C,F,R,49,13,56,12:24:48,39,87,91,13,Decent,CXON
1063,12:24:48,356,C,F,R,28,65,71,12:24:48,19,38,49,70,Decent,CXON
1063,12:24:48,357,C,F,R,64,64,15,12:24:48,37,85,50,19,Decent,CXON
1063,12:24:48,358,C,F,R,67,38,82,12:24:48,89,9,53,22,Decent,CXON
1063,12:24:48,359,C,F,R,92,31,66,12:24:48,96,25,84,89,Decent,CXON
1063,12:24:48,360,C,F,R,25,58,83,12:24:48,36,71,9,45,Decent,CXON
1063,12:24:48,361,C,F,R,92,91,63,12:24:48,87,8,13,19,Decent,CXON
1063,12:24:48,362,C,F,R,70,22,29,12:24:48,71,93,53,85,Decent,CXON
1063,12:24:48,363,C,F,R,83,87,34,12:24:48,46,92,67,7,Decent,CXON
1063,12:24:48,364,C,F,R,68,100,73,12:24:48,27,33,47,76,Decent,CXON
1063,12:24:48,365,C,F,R,71,31,90,12:24:48,56,7,48,55,Decent,CXON
1063,12:24:48,366,C,F,R,78,52,65,12:24:48,79,55,100,49,Decent,CXON
1063,12:24:48,367,C,F,R,53,66,6,12:24:48,68,36,41,1,Decent,CXON
1063,12:24:48,368,C,F,R,51,44,2,12:24:48,12,62,38,84,Decent,CXON
1063,12:24:48,369,C,F,R,2,19,32,12:24:48,72,53,27,7,Decent,CXON
1063,12:24:48,370,C,F,R,42,84,60,12:24:48,30,26,52,85,Decent,CXON
1063,12:24:48,371,C,F,R,71,21,5,12:24:48,10,17,27,17,Decent,CXON
1063,12:24:48,372,C,F,R,29,66,69,12:24:48,11,31,49,34,Decent,CXON
1063,12:24:48,373,C,F,R,96,20,99,12:24:48,98,99,28,77,Decent,CXON
1063,12:24:48,374,C,F,R,51,89,40,12:24:48,36,56,77,22,Decent,CXON
1063,12:24:48,375,C,F,R,78,36,0,12:24:48,33,67,64,31,Decent,CXON
1063,12:24:48,376,C,F,R,79,32,61,12:24:48,80,38,17,55,Decent,CXON
1063,12:24:48,377,C,F,R,56,47,24,12:24:48,4,42,97,30,Decent,CXON
1063,12:24:49,378,C,F,R,72,61,78,12:24:49,75,90,70,21,Decent,CXON
1063,12:24:49,379,C,F,R,19,62,70,12:24:49,21,42,83,19,Decent,CXON
1063,12:24:49,380,C,F,R,91,36,22,12:24:49,52,64,71,2,Decent,CXON
1063,12:24:49,381,C,F,R,18,71,74,12:24:49,51,56,95,74,Decent,CXON
1063,12:24:49,382,C,F,R,48,76,89,12:24:49,24,25,79,44,Decent,CXON
1063,12:24:49,383,C,F,R,32,10,8,12:24:49,44,36,63,5,Decent,CXON
1063,12:24:49,384,C,F,R,2,98,37,12:24:49,27,91,71,91,Decent,CXON
1063,12:24:49,385,C,F,R,50,8,69,12:24:49,12,25,37,99,Decent,CXON
1063,12:24:49,386,C,F,R,88,2,75,12:24:49,74,74,40,53,Decent,CXON
1063,12:24:49,387,C,F,R,71,89,28,12:24:49,23,43,30,0,Decent,CXON
1063,12:24:49,388,C,F,R,92,39,17,12:24:49,17,1,20,62,Decent,CXON
1063,12:24:49,389,C,F,R,18,12,46,12:24:49,35,71,65,12,Decent,CXON
1063,12:24:49,390,C,F,R,4,60,38,12:24:49,66,8,21,89,Decent,CXON
1063,12:24:49,391,C,F,R,98,59,85,12:24:49,16,63,40,68,Decent,CXON
1063,12:24:49,392,C,F,R,39,35,58,12:24:49,88,26,50,40,Decent,CXON
1063,12:24:49,393,C,F,R,91,71,2,12:24:49,1,50,57,76,Decent,CXON
1063,12:24:49,394,C,F,R,25,15,21,12:24:49,0,42,70,82,Decent,CXON
1063,12:24:49,395,C,F,R,12,78,100,12:24:49,33,54,82,77,Decent,CXON
1063,12:24:49,396,C,F,R,91,25,49,12:24:49,13,22,31,93,Decent,CXON
1063,12:24:49,397,C,F,R,66,85,51,12:24:49,0,65,34,8,Decent,CXON
1063,12:24:49,398,C,F,R,34,71,60,12:24:49,5,85,80,34,Decent,CXON
1063,12:24:49,399,C,F,R,53,25,71,12:24:49,67,4,89,68,Decent,CXON
1063,12:24:49,400,C,F,R,6,73,33,12:24:49,54,63,2,80,Decent,CXON
1063,12:24:49,401,C,F,R,95,79,22,12:24:49,12,96,28,45,Decent,CXON
1063,12:24:49,402,C,F,R,8,5,45,12:24:49,92,19,28,22,Decent,CXON
1063,12:24:49,403,C,F,R,99,66,5,12:24:49,20,87,1,29,Decent,CXON
1063,12:24:49,404,C,F,R,9,70,98,12:24:49,61,82,31,44,Decent,CXON
1063,12:24:49,405,C,F,R,70,77,34,12:24:49,49,34,26,62,Decent,CXON
1063,12:24:49,406,C,F,R,11,68,1,12:24:49,67,6,41,54,Decent,CXON
1063,12:24:49,407,C,F,R,57,83,18,12:24:49,89,45,86,39,Decent,CXON
1063,12:24:49,408,C,F,R,89,53,44,12:24:49,28,74,86,78,Decent,CXON
1063,12:24:49,409,C,F,R,38,56,5,12:24:49,78,93,13,59,Decent,CXON
1063,12:24:49,410,C,F,R,3,43,25,12:24:49,9,91,15,30,Decent,CXON
1063,12:24:49,411,C,F,R,71,100,100,12:24:49,64,50,84,58,Decent,CXON
1063,12:24:49,412,C,F,R,70,18,17,12:24:49,45,70,35,80,Decent,CXON
1063,12:24:49,413,C,F,R,6,52,67,12:24:49,73,1,20,49,Decent,CXON
1063,12:24:49,414,C,F,R,92,70,70,12:24:49,22,6,95,89,Decent,CXON
1063,12:24:49,415,C,F,R,50,26,28,12:24:49,42,43,41,21,Decent,CXON
1063,12:24:49,416,C,F,R,91,62,96,12:24:49,29,56,76,95,Decent,CXON
1063,12:24:49,417,C,F,R,97,91,14,12:24:49,96,72,59,21,Decent,CXON
1063,12:24:49,418,C,F,R,89,18,33,12:24:49,64,92,61,67,Decent,CXON
1063,12:24:49,419,C,F,R,8,20,59,12:24:49,98,40,15,18,Decent,CXON
1063,12:24:49,420,C,F,R,88,50,90,12:24:49,40,63,87,31,Decent,CXON
1063,12:24:49,421,C,F,R,40,99,69,12:24:49,10,84,97,42,Decent,CXON
1063,12:24:49,422,C,F,R,76,81,30,12:24:49,54,86,10,36,Decent,CXON
1063,12:24:49,423,C,F,R,39,56,46,12:24:49,86,85,80,87,Decent,CXON
1063,12:24:49,424,C,F,R,88,20,52,12:24:49,31,58,51,33,Decent,CXON
1063,12:24:49,425,C,F,R,96,78,88,12:24:49,49,74,71,36,Decent,CXON
1063,12:24:49,426,C,F,R,29,54,32,12:24:49,66,44,64,27,Decent,CXON
1063,12:24:49,427,C,F,R,73,63,7,12:24:49,99,34,25,16,Decent,CXON
1063,12:24:49,428,C,F,R,84,10,46,12:24:49,43,78,14,51,Decent,CXON
1063,12:24:49,429,C,F,R,14,35,71,12:24:49,73,11,10,14,Decent,CXON
1063,12:24:49,430,C,F,R,88,65,21,12:24:49,53,24,3,48,Decent,CXON
1063,12:24:49,431,C,F,R,54,17,39,12:24:49,62,87,4,76,Decent,CXON
1063,12:24:49,432,C,F,R,63,98,22,12:24:49,45,54,58,43,Decent,CXON
1063,12:24:49,433,C,F,R,74,58,51,12:24:49,82,78,56,21,Decent,CXON
1063,12:24:49,434,C,F,R,36,47,6,12:24:49,54,45,69,49,Decent,CXON
1063,12:24:49,435,C,F,R,45,52,54,12:24:49,68,98,16,44,Decent,CXON
1063,12:24:49,436,C,F,R,82,1,67,12:24:49,70,96,95,65,Decent,CXON
1063,12:24:49,437,C,F,R,89,4,50,12:24:49,13,83,98,80,Decent,CXON
1063,12:24:49,438,C,F,R,29,59,41,12:24:49,14,36,2,84,Decent,CXON
1063,12:24:49,439,C,F,R,33,90,14,12:24:49,100,74,36,92,Decent,CXON
1063,12:24:49,440,C,F,R,75,44,67,12:24:49,53,99,78,22,Decent,CXON
1063,12:24:49,441,C,F,R,48,38,86,12:24:49,30,58,69,29,Decent,CXON
1063,12:24:50,442,C,F,R,38,47,15,12:24:50,13,39,7,72,Decent,CXON
1063,12:24:50,443,C,F,R,72,65,38,12:24:50,83,54,2,12,Decent,CXON
1063,12:24:50,444,C,F,R,27,58,50,12:24:50,8,67,60,66,Decent,CXON
1063,12:24:50,445,C,F,R,95,26,18,12:24:50,62,78,97,52,Decent,CXON
1063,12:24:50,446,C,F,R,28,58,44,12:24:50,26,69,57,29,Decent,CXON
1063,12:24:50,447,C,F,R,4,21,33,12:24:50,52,90,54,79,Decent,CXON
1063,12:24:50,448,C,F,R,25,49,9,12:24:50,54,87,43,98,Decent,CXON
1063,12:24:50,449,C,F,R,70,98,51,12:24:50,3,29,75,16,Decent,CXON
1063,12:24:50,450,C,F,R,67,98,32,12:24:50,9,46,68,85,Decent,CXON
1063,12:24:50,451,C,F,R,90,97,62,12:24:50,82,36,47,58,Decent,CXON
1063,12:24:50,452,C,F,R,39,63,1,12:24:50,62,66,49,90,Decent,CXON
1063,12:24:50,453,C,F,R,6,42,90,12:24:50,84,72,50,100,Decent,CXON
1063,12:24:50,454,C,F,R,67,31,37,12:24:50,32,5,42,11,Decent,CXON
1063,12:24:50,455,C,F,R,96,9,6,12:24:50,24,71,64,38,Decent,CXON
1063,12:24:50,456,C,F,R,71,30,65,12:24:50,50,38,13,94,Decent,CXON
1063,12:24:50,457,C,F,R,32,47,12,12:24:50,21,63,10,25,Decent,CXON
1063,12:24:50,458,C,F,R,98,23,5,12:24:50,95,13,30,8,Decent,CXON
1063,12:24:50,459,C,F,R,43,62,31,12:24:50,0,85,25,47,Decent,CXON
1063,12:24:50,460,C,F,R,8,85,56,12:24:50,100,81,93,84,Decent,CXON
1063,12:24:50,461,C,F,R,61,87,37,12:24:50,61,6,14,47,Decent,CXON
1063,12:24:50,462,C,F,R,22,50,8,12:24:50,99,0,53,37,Decent,CXON
1063,12:24:50,463,C,F,R,61,88,84,12:24:50,36,46,49,45,Decent,CXON
1063,12:24:50,464,C,F,R,22,45,74,12:24:50,26,1,49,16,Decent,CXON
1063,12:24:50,465,C,F,R,12,69,97,12:24:50,45,25,55,38,Decent,CXON
1063,12:24:50,466,C,F,R,64,68,28,12:24:50,58,27,30,29,Decent,CXON
1063,12:24:50,467,C,F,R,51,87,87,12:24:50,53,71,93,46,Decent,CXON
1063,12:24:50,468,C,F,R,96,47,2,12:24:50,29,63,81,70,Decent,CXON
1063,12:24:50,469,C,F,R,33,97,100,12:24:50,46,75,8,56,Decent,CXON
1063,12:24:50,470,C,F,R,89,32,3,12:24:50,27,89,89,28,Decent,CXON
1063,12:24:50,471,C,F,R,85,73,17,12:24:50,54,31,90,80,Decent,CXON
1063,12:24:50,472,C,F,R,44,27,24,12:24:50,85,61,34,14,Decent,CXON
1063,12:24:50,473,C,F,R,83,33,6,12:24:50,27,72,51,35,Decent,CXON
1063,12:24:50,474,C,F,R,38,51,77,12:24:50,11,7,29,47,Decent,CXON
1063,12:24:50,475,C,F,R,28,25,30,12:24:50,15,17,6,78,Decent,CXON
1063,12:24:50,476,C,F,R,59,4,28,12:24:50,51,6,98,67,Decent,CXON
1063,12:24:50,477,C,F,R,52,50,86,12:24:50,25,68,84,57,Decent,CXON
1063,12:24:50,478,C,F,R,41,79,53,12:24:50,8,13,15,11,Decent,CXON
1063,12:24:50,479,C,F,R,12,56,27,12:24:50,13,49,8,7,Decent,CXON
1063,12:24:50,480,C,F,R,61,10,9,12:24:50,28,38,73,91,Decent,CXON
1063,12:24:50,481,C,F,R,0,48,6,12:24:50,12,45,34,71,Decent,CXON
1063,12:24:50,482,C,F,R,56,21,13,12:24:50,95,80,14,26,Decent,CXON
1063,12:24:50,483,C,F,R,37,68,22,12:24:50,3,59,38,94,Decent,CXON
1063,12:24:50,484,C,F,R,27,90,12,12:24:50,23,41,24,90,Decent,CXON
1063,12:24:50,485,C,F,R,59,82,73,12:24:50,32,4,34,66,Decent,CXON
1063,12:24:50,486,C,F,R,2,97,46,12:24:50,2,42,26,20,Decent,CXON
1063,12:24:50,487,C,F,R,79,93,80,12:24:50,45,59,67,93,Decent,CXON
1063,12:24:50,488,C,F,R,30,29,59,12:24:50,26,26,30,5,Decent,CXON
1063,12:24:50,489,C,F,R,70,26,24,12:24:50,74,7,6,27,Decent,CXON
1063,12:24:50,490,C,F,R,47,100,98,12:24:50,45,94,58,73,Decent,CXON
1063,12:24:50,491,C,F,R,96,8,56,12:24:50,19,50,73,47,Decent,CXON
1063,12:24:50,492,C,F,R,49,99,59,12:24:50,59,85,36,18,Decent,CXON
1063,12:24:50,493,C,F,R,72,19,19,12:24:50,16,70,51,30,Decent,CXON
1063,12:24:50,494,C,F,R,96,64,43,12:24:50,39,17,53,57,Decent,CXON
1063,12:24:50,495,C,F,R,22,50,23,12:24:50,77,36,23,22,Decent,CXON
1063,12:24:50,496,C,F,R,10,39,21,12:24:50,38,41,79,39,Decent,CXON
1063,12:24:50,497,C,F,R,45,76,75,12:24:50,30,98,42,0,Decent,CXON
1063,12:24:50,498,C,F,R,46,16,6,12:24:50,23,2,47,3,Decent,CXON
1063,12:24:50,499,C,F,R,44,64,48,12:24:50,54,55,17,98,Decent,CXON
1063,12:24:50,500,C,F,R,78,15,7,12:24:50,50,60,93,71,Decent,CXON
1063,12:24:50,501,C,F,R,81,78,42,12:24:50,44,38,80,70,Decent,CXON
1063,12:24:50,502,C,F,R,13,9,64,12:24:50,60,95,85,71,Decent,CXON
1063,12:24:50,503,C,F,R,82,45,67,12:24:50,46,59,87,70,Decent,CXON
1063,12:24:50,504,C,F,R,74,36,75,12:24:50,42,8,7,41,Decent,CXON
1063,12:24:50,505,C,F,R,49,96,35,12:24:50,15,0,67,9,Decent,CXON
1063,12:24:50,506,C,F,R,18,32,2,12:24:50,46,86,52,34,Decent,CXON
1063,12:24:51,507,C,F,R,33,43,7,12:24:51,51,19,58,93,Decent,CXON
1063,12:24:51,508,C,F,R,69,60,13,12:24:51,7,90,4,27,Decent,CXON
1063,12:24:51,509,C,F,R,89,40,3,12:24:51,27,68,56,32,Decent,CXON
1063,12:24:51,510,C,F,R,85,76,80,12:24:51,73,96,73,63,Decent,CXON
1063,12:24:51,511,C,F,R,82,69,98,12:24:51,2,29,79,3,Decent,CXON
1063,12:24:51,512,C,F,R,29,91,46,12:24:51,40,82,92,42,Decent,CXON
1063,12:24:51,513,C,F,R,27,98,90,12:24:51,82,82,37,17,Decent,CXON
1063,12:24:51,514,C,F,R,5,63,2,12:24:51,84,66,42,61,Decent,CXON
1063,12:24:51,515,C,F,R,17,79,87,12:24:51,30,16,44,100,Decent,CXON
1063,12:24:51,516,C,F,R,90,59,78,12:24:51,65,74,41,79,Decent,CXON
1063,12:24:51,517,C,F,R,68,97,71,12:24:51,63,17,0,67,Decent,CXON
1063,12:24:51,518,C,F,R,34,83,94,12:24:51,23,1,47,40,Decent,CXON
1063,12:24:51,519,C,F,R,84,72,9,12:24:51,23,19,0,74,Decent,CXON
1063,12:24:51,520,C,F,R,98,46,19,12:24:51,80,29,30,34,Decent,CXON
1063,12:24:51,521,C,F,R,33,4,9,12:24:51,25,70,80,77,Decent,CXON
1063,12:24:51,522,C,F,R,60,41,67,12:24:51,56,85,13,30,Decent,CXON
1063,12:24:51,523,C,F,R,53,96,94,12:24:51,40,100,48,30,Decent,CXON
1063,12:24:51,524,C,F,R,52,92,9,12:24:51,5,48,40,70,Decent,CXON
1063,12:24:51,525,C,F,R,22,8,54,12:24:51,34,51,2,24,Decent,CXON
1063,12:24:51,526,C,F,R,56,97,1,12:24:51,64,21,24,78,Decent,CXON
1063,12:24:51,527,C,F,R,68,40,7,12:24:51,56,91,45,39,Decent,CXON
1063,12:24:51,528,C,F,R,43,50,44,12:24:51,89,84,75,21,Decent,CXON
1063,12:24:51,529,C,F,R,4,52,64,12:24:51,82,75,72,57,Decent,CXON
1063,12:24:51,530,C,F,R,96,54,49,12:24:51,56,45,23,59,Decent,CXON
1063,12:24:51,531,C,F,R,58,76,43,12:24:51,29,68,27,1,Decent,CXON
1063,12:24:51,532,C,F,R,30,49,54,12:24:51,17,80,91,81,Decent,CXON
1063,12:24:51,533,C,F,R,69,13,56,12:24:51,43,1,52,27,Decent,CXON
1063,12:24:51,534,C,F,R,32,9,69,12:24:51,23,77,4,5,Decent,CXON
1063,12:24:51,535,C,F,R,84,75,72,12:24:51,55,25,81,82,Decent,CXON
1063,12:24:51,536,C,F,R,75,55,15,12:24:51,23,83,73,87,Decent,CXON
1063,12:24:51,537,C,F,R,71,5,72,12:24:51,47,41,56,47,Decent,CXON
1063,12:24:51,538,C,F,R,48,35,9,12:24:51,49,47,10,32,Decent,CXON
1063,12:24:51,539,C,F,R,11,84,66,12:24:51,44,11,51,62,Decent,CXON
1063,12:24:51,540,C,F,R,27,100,100,12:24:51,34,14,49,20,Decent,CXON
1063,12:24:51,541,C,F,R,93,99,74,12:24:51,72,63,52,8,Decent,CXON
1063,12:24:51,542,C,F,R,8,25,13,12:24:51,61,8,74,77,Decent,CXON
1063,12:24:51,543,C,F,R,70,75,10,12:24:51,36,81,71,51,Decent,CXON
1063,12:24:51,544,C,F,R,92,69,8,12:24:51,77,49,2,3,Decent,CXON
1063,12:24:51,545,C,F,R,58,55,78,12:24:51,95,64,22,79,Decent,CXON
1063,12:24:51,546,C,F,R,1,6,37,12:24:51,38,6,15,5,Decent,CXON
1063,12:24:51,547,C,F,R,69,86,63,12:24:51,60,38,8,72,Decent,CXON
1063,12:24:51,548,C,F,R,69,17,63,12:24:51,96,48,36,74,Decent,CXON
1063,12:24:51,549,C,F,R,97,86,80,12:24:51,15,57,9,66,Decent,CXON
1063,12:24:51,550,C,F,R,66,79,77,12:24:51,31,66,46,28,Decent,CXON
1063,12:24:51,551,C,F,R,19,86,4,12:24:51,37,82,41,35,Decent,CXON
1063,12:24:51,552,C,F,R,23,29,49,12:24:51,84,99,70,45,Decent,CXON
1063,12:24:51,553,C,F,R,31,85,35,12:24:51,55,80,76,63,Decent,CXON
1063,12:24:51,554,C,F,R,83,98,34,12:24:51,78,91,67,56,Decent,CXON
1063,12:24:51,555,C,F,R,81,92,80,12:24:51,81,73,59,7,Decent,CXON
1063,12:24:51,556,C,F,R,41,12,1,12:24:51,52,47,60,72,Decent,CXON
1063,12:24:51,557,C,F,R,100,17,58,12:24:51,90,69,80,19,Decent,CXON
1063,12:24:51,558,C,F,R,37,93,32,12:24:51,70,86,2,85,Decent,CXON
1063,12:24:51,559,C,F,R,43,15,7,12:24:51,99,75,21,24,Decent,CXON
1063,12:24:51,560,C,F,R,74,43,69,12:24:51,64,5,71,58,Decent,CXON
1063,12:24:51,561,C,F,R,85,53,31,12:24:51,5,56,61,91,Decent,CXON
1063,12:24:51,562,C,F,R,96,54,69,12:24:51,32,98,16,24,Decent,CXON
1063,12:24:51,563,C,F,R,46,94,45,12:24:51,51,7,35,43,Decent,CXON
1063,12:24:51,564,C,F,R,41,10,38,12:24:51,35,23,41,35,Decent,CXON
1063,12:24:51,565,C,F,R,95,40,22,12:24:51,25,5,15,32,Decent,CXON
1063,12:24:51,566,C,F,R,60,78,64,12:24:51,77,91,94,91,Decent,CXON
1063,12:24:51,567,C,F,R,39,39,23,12:24:51,34,65,57,42,Decent,CXON
1063,12:24:51,568,C,F,R,5,6,78,12:24:51,80,44,88,58,Decent,CXON
1063,12:24:51,569,C,F,R,7,95,98,12:24:51,88,12,44,34,Decent,CXON
1063,12:24:51,570,C,F,R,7,3,25,12:24:51,68,13,56,53,Decent,CXON
1063,12:24:51,571,C,F,R,88,58,70,12:24:51,20,63,0,28,Decent,CXON
1063,12:24:51,572,C,F,R,11,57,33,12:24:51,5,31,53,26,Decent,CXON
1063,12:24:52,573,C,F,R,20,43,80,12:24:52,78,25,0,63,Decent,CXON
1063,12:24:52,574,C,F,R,24,3,57,12:24:52,14,27,56,88,Decent,CXON
1063,12:24:52,575,C,F,R,82,74,44,12:24:52,51,76,36,26,Decent,CXON
1063,12:24:52,576,C,F,R,20,16,61,12:24:52,77,80,43,23,Decent,CXON
1063,12:24:52,577,C,F,R,92,65,22,12:24:52,57,87,98,63,Decent,CXON
1063,12:24:52,578,C,F,R,100,23,53,12:24:52,7,6,85,34,Decent,CXON
1063,12:24:52,579,C,F,R,63,89,15,12:24:52,4,78,35,19,Decent,CXON
1063,12:24:52,580,C,F,R,49,44,94,12:24:52,66,18,98,42,Decent,CXON
1063,12:24:52,581,C,F,R,49,79,25,12:24:52,12,24,39,26,Decent,CXON
1063,12:24:52,582,C,F,R,29,39,80,12:24:52,27,96,19,62,Decent,CXON
1063,12:24:52,583,C,F,R,42,25,83,12:24:52,4,69,34,34,Decent,CXON
1063,12:24:52,584,C,F,R,4,68,10,12:24:52,57,30,47,0,Decent,CXON
1063,12:24:52,585,C,F,R,97,23,1,12:24:52,96,65,69,48,Decent,CXON
1063,12:24:52,586,C,F,R,51,44,77,12:24:52,99,16,71,53,Decent,CXON
1063,12:24:52,587,C,F,R,10,49,93,12:24:52,89,42,54,29,Decent,CXON
1063,12:24:52,588,C,F,R,57,49,62,12:24:52,46,97,33,27,Decent,CXON
1063,12:24:52,589,C,F,R,85,59,41,12:24:52,82,66,91,53,Decent,CXON
1063,12:24:52,590,C,F,R,98,87,12,12:24:52,51,98,90,23,Decent,CXON
1063,12:24:52,591,C,F,R,3,98,38,12:24:52,5,61,100,94,Decent,CXON
1063,12:24:52,592,C,F,R,92,91,55,12:24:52,33,52,70,81,Decent,CXON
1063,12:24:52,593,C,F,R,42,1,9,12:24:52,2,40,59,13,Decent,CXON
1063,12:24:52,594,C,F,R,92,86,8,12:24:52,86,24,88,44,Decent,CXON
1063,12:24:52,595,C,F,R,14,79,86,12:24:52,28,25,77,54,Decent,CXON
1063,12:24:52,596,C,F,R,36,11,73,12:24:52,24,86,78,9,Decent,CXON
1063,12:24:52,597,C,F,R,21,71,59,12:24:52,65,5,79,79,Decent,CXON
1063,12:24:52,598,C,F,R,90,25,78,12:24:52,23,70,73,68,Decent,CXON
1063,12:24:52,599,C,F,R,75,10,44,12:24:52,94,3,89,63,Decent,CXON
1063,12:24:52,600,C,F,R,89,22,67,12:24:52,27,96,37,87,Decent,CXON
1063,12:24:52,601,C,F,R,100,94,10,12:24:52,4,77,61,3,Decent,CXON
1063,12:24:52,602,C,F,R,0,98,56,12:24:52,20,35,91,59,Decent,CXON
1063,12:24:52,603,C,F,R,84,13,73,12:24:52,53,96,67,79,Decent,CXON
1063,12:24:52,604,C,F,R,84,75,46,12:24:52,90,59,12,44,Decent,CXON
1063,12:24:52,605,C,F,R,55,6,85,12:24:52,31,66,91,44,Decent,CXON
1063,12:24:52,606,C,F,R,85,99,88,12:24:52,85,92,45,42,Decent,CXON
1063,12:24:52,607,C,F,R,90,67,20,12:24:52,50,82,34,49,Decent,CXON
1063,12:24:52,608,C,F,R,31,47,44,12:24:52,68,78,20,65,Decent,CXON
1063,12:24:52,609,C,F,R,81,53,95,12:24:52,80,15,23,24,Decent,CXON
1063,12:24:52,610,C,F,R,45,61,83,12:24:52,15,77,98,92,Decent,CXON
1063,12:24:52,611,C,F,R,99,45,12,12:24:52,82,41,29,19,Decent,CXON
1063,12:24:52,612,C,F,R,16,53,36,12:24:52,3,19,16,90,Decent,CXON
1063,12:24:52,613,C,F,R,89,9,90,12:24:52,41,45,64,10,Decent,CXON
1063,12:24:52,614,C,F,R,65,6,43,12:24:52,93,80,19,93,Decent,CXON
1063,12:24:52,615,C,F,R,22,15,0,12:24:52,86,69,66,68,Decent,CXON
1063,12:24:52,616,C,F,R,77,53,14,12:24:52,58,96,95,78,Decent,CXON
1063,12:24:52,617,C,F,R,59,36,63,12:24:52,7,6,90,26,Decent,CXON
1063,12:24:52,618,C,F,R,54,22,62,12:24:52,70,31,12,73,Decent,CXON
1063,12:24:52,619,C,F,R,57,23,56,12:24:52,32,41,57,34,Decent,CXON
1063,12:24:52,620,C,F,R,17,87,35,12:24:52,75,23,47,32,Decent,CXON
1063,12:24:52,621,C,F,R,9,68,11,12:24:52,69,10,43,35,Decent,CXON
1063,12:24:52,622,C,F,R,21,4,35,12:24:52,72,93,30,96,Decent,CXON
1063,12:24:52,623,C,F,R,36,39,66,12:24:52,61,10,52,46,Decent,CXON
1063,12:24:52,624,C,F,R,83,79,31,12:24:52,61,52,16,74,Decent,CXON
1063,12:24:52,625,C,F,R,2,58,66,12:24:52,38,19,98,82,Decent,CXON
1063,12:24:52,626,C,F,R,85,89,0,12:24:52,63,90,15,68,Decent,CXON
1063,12:24:52,627,C,F,R,76,43,45,12:24:52,29,38,5,7,Decent,CXON
1063,12:24:52,628,C,F,R,95,100,97,12:24:52,19,35,45,13,Decent,CXON
1063,12:24:52,629,C,F,R,37,57,12,12:24:52,84,83,73,27,Decent,CXON
1063,12:24:52,630,C,F,R,95,20,85,12:24:52,20,35,60,100,Decent,CXON
1063,12:24:52,631,C,F,R,38,11,45,12:24:52,16,54,53,25,Decent,CXON
1063,12:24:52,632,C,F,R,35,92,28,12:24:52,24,59,36,35,Decent,CXON
1063,12:24:52,633,C,F,R,79,19,5,12:24:52,65,78,62,66,Decent,CXON
1063,12:24:52,634,C,F,R,43,19,58,12:24:52,47,73,31,74,Decent,CXON
1063,12:24:52,635,C,F,R,91,91,47,12:24:52,75,58,56,32,Decent,CXON
1063,12:24:52,636,C,F,R,37,35,95,12:24:52,1,68,55,86,Decent,CXON
1063,12:24:52,637,C,F,R,44,24,89,12:24:52,95,68,40,65,Decent,CXON
1063,12:24:52,638,C,F,R,21,25,58,12:24:52,5,16,10,83,Decent,CXON
1063,12:24:52,639,C,F,R,26,71,86,12:24:52,14,12,50,75,Decent,CXON
1063,12:24:53,640,C,F,R,98,82,99,12:24:53,8,74,44,73,Decent,CXON
1063,12:24:53,641,C,F,R,73,55,30,12:24:53,89,51,15,95,Decent,CXON
1063,12:24:53,642,C,F,R,0,61,97,12:24:53,63,50,20,30,Decent,CXON
1063,12:24:53,643,C,F,R,8,0,86,12:24:53,80,2,30,46,Decent,CXON
1063,12:24:53,644,C,F,R,97,70,46,12:24:53,37,15,0,95,Decent,CXON
1063,12:24:53,645,C,F,R,57,47,9,12:24:53,69,8,41,73,Decent,CXON
1063,12:24:53,646,C,F,R,68,3,59,12:24:53,87,6,22,86,Decent,CXON
1063,12:24:53,647,C,F,R,39,70,67,12:24:53,18,92,41,29,Decent,CXON
1063,12:24:53,648,C,F,R,79,99,59,12:24:53,9,92,76,6,Decent,CXON
1063,12:24:53,649,C,F,R,96,29,48,12:24:53,39,32,34,10,Decent,CXON
1063,12:24:53,650,C,F,R,55,78,62,12:24:53,60,85,64,40,Decent,CXON
1063,12:24:53,651,C,F,R,61,14,82,12:24:53,32,49,87,30,Decent,CXON
1063,12:24:53,652,C,F,R,63,41,23,12:24:53,95,28,89,61,Decent,CXON
1063,12:24:53,653,C,F,R,95,35,69,12:24:53,21,47,61,94,Decent,CXON
1063,12:24:53,654,C,F,R,32,77,73,12:24:53,40,66,66,31,Decent,CXON
1063,12:24:53,655,C,F,R,42,85,99,12:24:53,19,44,52,40,Decent,CXON
1063,12:24:53,656,C,F,R,33,1,99,12:24:53,20,86,40,80,Decent,CXON
1063,12:24:53,657,C,F,R,62,26,46,12:24:53,8,98,62,94,Decent,CXON
1063,12:24:53,658,C,F,R,96,15,70,12:24:53,45,45,80,73,Decent,CXON
1063,12:24:53,659,C,F,R,4,57,0,12:24:53,26,83,11,22,Decent,CXON
1063,12:24:53,660,C,F,R,91,14,89,12:24:53,67,11,100,48,Decent,CXON
1063,12:24:53,661,C,F,R,68,4,43,12:24:53,25,81,99,88,Decent,CXON
1063,12:24:53,662,C,F,R,92,38,97,12:24:53,89,88,20,71,Decent,CXON
1063,12:24:53,663,C,F,R,69,71,78,12:24:53,12,28,63,41,Decent,CXON
1063,12:24:53,664,C,F,R,26,17,80,12:24:53,62,76,87,77,Decent,CXON
1063,12:24:53,665,C,F,R,2,40,49,12:24:53,54,57,50,21,Decent,CXON
1063,12:24:53,666,C,F,R,67,50,68,12:24:53,6,51,74,43,Decent,CXON
1063,12:24:53,667,C,F,R,46,69,70,12:24:53,83,55,7,54,Decent,CXON
1063,12:24:53,668,C,F,R,76,12,19,12:24:53,83,91,49,7,Decent,CXON
1063,12:24:53,669,C,F,R,45,9,49,12:24:53,1,10,15,76,Decent,CXON
1063,12:24:53,670,C,F,R,7,94,70,12:24:53,58,98,92,30,Decent,CXON
1063,12:24:53,671,C,F,R,86,38,8,12:24:53,48,64,49,92,Decent,CXON
1063,12:24:53,672,C,F,R,28,22,82,12:24:53,92,74,1,99,Decent,CXON
1063,12:24:53,673,C,F,R,72,37,88,12:24:53,41,18,70,24,Decent,CXON
1063,12:24:53,674,C,F,R,38,54,48,12:24:53,14,37,84,27,Decent,CXON
1063,12:24:53,675,C,F,R,100,49,76,12:24:53,92,98,15,53,Decent,CXON
1063,12:24:53,676,C,F,R,70,32,19,12:24:53,18,15,43,53,Decent,CXON
1063,12:24:53,677,C,F,R,72,48,76,12:24:53,7,32,3,77,Decent,CXON
1063,12:24:53,678,C,F,R,94,39,3,12:24:53,17,14,36,30,Decent,CXON
1063,12:24:53,679,C,F,R,98,42,76,12:24:53,40,49,10,38,Decent,CXON
1063,12:24:53,680,C,F,R,80,47,70,12:24:53,14,59,20,53,Decent,CXON
1063,12:24:53,681,C,F,R,67,73,76,12:24:53,28,7,47,94,Decent,CXON
1063,12:24:53,682,C,F,R,56,83,57,12:24:53,54,93,50,86,Decent,CXON
1063,12:24:53,683,C,F,R,68,81,62,12:24:53,57,25,8,89,Decent,CXON
1063,12:24:53,684,C,F,R,68,38,51,12:24:53,58,68,52,3,Decent,CXON
1063,12:24:53,685,C,F,R,18,42,1,12:24:53,26,91,3,78,Decent,CXON
1063,12:24:53,686,C,F,R,7,24,24,12:24:53,91,53,96,99,Decent,CXON
1063,12:24:53,687,C,F,R,88,49,81,12:24:53,16,17,33,47,Decent,CXON
1063,12:24:53,688,C,F,R,83,93,28,12:24:53,28,92,32,71,Decent,CXON
1063,12:24:53,689,C,F,R,35,14,15,12:24:53,35,87,15,73,Decent,CXON
1063,12:24:53,690,C,F,R,95,17,87,12:24:53,99,0,6,93,Decent,CXON
1063,12:24:53,691,C,F,R,61,54,16,12:24:53,37,87,38,51,Decent,CXON
1063,12:24:53,692,C,F,R,76,19,14,12:24:53,56,17,69,80,Decent,CXON
1063,12:24:53,693,C,F,R,34,100,50,12:24:53,69,30,99,38,Decent,CXON
1063,12:24:53,694,C,F,R,1,64,68,12:24:53,30,9,65,25,Decent,CXON
1063,12:24:53,695,C,F,R,39,58,19,12:24:53,28,76,74,71,Decent,CXON
1063,12:24:53,696,C,F,R,65,33,39,12:24:53,0,94,54,60,Decent,CXON
1063,12:24:53,697,C,F,R,86,29,30,12:24:53,65,7,66,27,Decent,CXON
1063,12:24:53,698,C,F,R,51,2,50,12:24:53,32,97,87,48,Decent,CXON
1063,12:24:53,699,C,F,R,33,84,58,12:24:53,33,48,59,9,Decent,CXON
1063,12:24:53,700,C,F,R,60,70,34,12:24:53,71,84,58,67,Decent,CXON
1063,12:24:53,701,C,F,R,32,91,40,12:24:53,50,79,44,24,Decent,CXON
1063,12:24:53,702,C,F,R,73,47,16,12:24:53,39,99,36,68,Decent,CXON
1063,12:24:53,703,C,F,R,4,62,26,12:24:53,45,95,28,50,Decent,CXON
1063,12:24:54,704,C,F,R,85,30,36,12:24:54,33,53,51,55,Decent,CXON
1063,12:24:54,705,C,F,R,1,96,54,12:24:54,10,88,19,39,Decent,CXON
1063,12:24:54,706,C,F,R,87,79,78,12:24:54,2,24,16,64,Decent,CXON
1063,12:24:54,707,C,F,R,29,88,83,12:24:54,89,16,4,14,Decent,CXON
1063,12:24:54,708,C,F,R,75,79,34,12:24:54,66,66,9,29,Decent,CXON
1063,12:24:54,709,C,F,R,7,77,13,12:24:54,26,73,97,60,Decent,CXON
1063,12:24:54,710,C,F,R,50,100,4,12:24:54,87,6,44,88,Decent,CXON
1063,12:24:54,711,C,F,R,17,30,63,12:24:54,19,56,31,13,Decent,CXON
1063,12:24:54,712,C,F,R,19,9,9,12:24:54,65,42,73,91,Decent,CXON
1063,12:24:54,713,C,F,R,53,67,73,12:24:54,65,47,11,90,Decent,CXON
1063,12:24:54,714,C,F,R,75,15,48,12:24:54,73,36,48,69,Decent,CXON
1063,12:24:54,715,C,F,R,70,90,59,12:24:54,10,11,5,80,Decent,CXON
1063,12:24:54,716,C,F,R,3,42,89,12:24:54,37,29,34,73,Decent,CXON
1063,12:24:54,717,C,F,R,70,6,100,12:24:54,4,74,84,97,Decent,CXON
1063,12:24:54,718,C,F,R,31,20,76,12:24:54,41,100,86,12,Decent,CXON
1063,12:24:54,719,C,F,R,32,21,23,12:24:54,50,69,4,30,Decent,CXON
1063,12:24:54,720,C,F,R,65,7,80,12:24:54,21,90,45,81,Decent,CXON
1063,12:24:54,721,C,F,R,81,76,59,12:24:54,14,52,77,62,Decent,CXON
1063,12:24:54,722,C,F,R,82,89,27,12:24:54,25,71,69,47,Decent,CXON
1063,12:24:54,723,C,F,R,87,17,57,12:24:54,93,92,3,86,Decent,CXON
1063,12:24:54,724,C,F,R,74,88,35,12:24:54,25,15,51,74,Decent,CXON
1063,12:24:54,725,C,F,R,55,38,55,12:24:54,50,82,80,81,Decent,CXON
1063,12:24:54,726,C,F,R,82,40,97,12:24:54,10,85,59,47,Decent,CXON
1063,12:24:54,727,C,F,R,14,41,62,12:24:54,17,34,13,9,Decent,CXON
1063,12:24:54,728,C,F,R,100,41,68,12:24:54,55,98,23,78,Decent,CXON
1063,12:24:54,729,C,F,R,66,56,84,12:24:54,9,37,73,77,Decent,CXON
1063,12:24:54,730,C,F,R,15,51,72,12:24:54,32,83,50,94,Decent,CXON
1063,12:24:54,731,C,F,R,7,40,35,12:24:54,17,11,95,72,Decent,CXON
1063,12:24:54,732,C,F,R,52,58,16,12:24:54,71,85,89,78,Decent,CXON
1063,12:24:54,733,C,F,R,64,19,64,12:24:54,79,76,73,17,Decent,CXON
1063,12:24:54,734,C,F,R,86,75,13,12:24:54,43,67,81,2,Decent,CXON
1063,12:24:54,735,C,F,R,42,16,98,12:24:54,50,58,78,22,Decent,CXON
1063,12:24:54,736,C,F,R,56,82,15,12:24:54,5,63,17,29,Decent,CXON
1063,12:24:54,737,C,F,R,3,49,22,12:24:54,4,60,51,6,Decent,CXON
1063,12:24:54,738,C,F,R,93,58,86,12:24:54,48,50,86,49,Decent,CXON
1063,12:24:54,739,C,F,R,19,12,95,12:24:54,36,7,69,24,Decent,CXON
1063,12:24:54,740,C,F,R,83,99,48,12:24:54,39,92,78,36,Decent,CXON
1063,12:24:54,741,C,F,R,1,65,32,12:24:54,100,11,6,57,Decent,CXON
1063,12:24:54,742,C,F,R,79,91,80,12:24:54,7,50,84,29,Decent,CXON
1063,12:24:54,743,C,F,R,58,95,88,12:24:54,48,75,25,75,Decent,CXON
1063,12:24:54,744,C,F,R,34,29,82,12:24:54,69,100,63,51,Decent,CXON
1063,12:24:54,745,C,F,R,45,48,77,12:24:54,74,63,37,23,Decent,CXON
1063,12:24:54,746,C,F,R,91,26,69,12:24:54,4,92,24,59,Decent,CXON
1063,12:24:54,747,C,F,R,41,33,44,12:24:54,99,83,97,90,Decent,CXON
1063,12:24:54,748,C,F,R,34,85,18,12:24:54,58,65,10,31,Decent,CXON
1063,12:24:54,749,C,F,R,36,21,25,12:24:54,49,19,14,42,Decent,CXON
1063,12:24:54,750,C,F,R,71,28,87,12:24:54,33,63,66,11,Decent,CXON
1063,12:24:54,751,C,F,R,21,79,47,12:24:54,92,7,46,0,Decent,CXON
1063,12:24:54,752,C,F,R,42,21,20,12:24:54,46,11,36,42,Decent,CXON
1063,12:24:54,753,C,F,R,35,46,78,12:24:54,82,82,64,24,Decent,CXON
1063,12:24:54,754,C,F,R,11,81,65,12:24:54,19,73,46,52,Decent,CXON
1063,12:24:54,755,C,F,R,17,50,16,12:24:54,49,42,19,32,Decent,CXON
1063,12:24:54,756,C,F,R,91,100,95,12:24:54,6,85,20,4,Decent,CXON
1063,12:24:54,757,C,F,R,17,22,20,12:24:54,47,74,81,26,Decent,CXON
1063,12:24:54,758,C,F,R,49,62,27,12:24:54,84,98,34,74,Decent,CXON
1063,12:24:54,759,C,F,R,2,36,48,12:24:54,36,84,33,82,Decent,CXON
1063,12:24:54,760,C,F,R,79,46,8,12:24:54,39,86,10,90,Decent,CXON
1063,12:24:54,761,C,F,R,43,91,93,12:24:54,20,80,50,76,Decent,CXON
1063,12:24:54,762,C,F,R,61,11,95,12:24:54,9,91,17,8,Decent,CXON
1063,12:24:54,763,C,F,R,56,94,19,12:24:54,17,47,18,45,Decent,CXON
1063,12:24:54,764,C,F,R,68,75,45,12:24:54,40,1,5,17,Decent,CXON
1063,12:24:54,765,C,F,R,73,5,28,12:24:54,35,49,72,74,Decent,CXON
1063,12:24:54,766,C,F,R,70,11,7,12:24:54,49,88,68,22,Decent,CXON
1063,12:24:54,767,C,F,R,59,41,73,12:24:54,37,98,85,88,Decent,CXON
1063,12:24:54,768,C,F,R,89,40,11,12:24:54,89,12,44,89,Decent,CXON
1063,12:24:54,769,C,F,R,0,50,92,12:24:54,12,56,32,54,Decent,CXON
1063,12:24:55,770,C,F,R,70,37,57,12:24:55,46,89,90,90,Decent,CXON
1063,12:24:55,771,C,F,R,86,68,30,12:24:55,84,100,96,66,Decent,CXON
1063,12:24:55,772,C,F,R,70,95,67,12:24:55,9,1,28,52,Decent,CXON
1063,12:24:55,773,C,F,R,76,6,1,12:24:55,85,65,93,22,Decent,CXON
1063,12:24:55,774,C,F,R,52,43,71,12:24:55,20,6,41,55,Decent,CXON
1063,12:24:55,775,C,F,R,95,57,77,12:24:55,5,91,65,7,Decent,CXON
1063,12:24:55,776,C,F,R,91,2,96,12:24:55,94,23,13,35,Decent,CXON
1063,12:24:55,777,C,F,R,48,6,4,12:24:55,15,3,29,84,Decent,CXON
1063,12:24:55,778,C,F,R,88,79,55,12:24:55,4,14,29,0,Decent,CXON
1063,12:24:55,779,C,F,R,31,9,34,12:24:55,78,72,53,50,Decent,CXON
1063,12:24:55,780,C,F,R,92,68,43,12:24:55,68,43,84,85,Decent,CXON
1063,12:24:55,781,C,F,R,38,17,29,12:24:55,25,88,38,89,Decent,CXON
1063,12:24:55,782,C,F,R,19,82,28,12:24:55,93,34,7,34,Decent,CXON
1063,12:24:55,783,C,F,R,61,67,56,12:24:55,15,46,2,5,Decent,CXON
1063,12:24:55,784,C,F,R,27,43,10,12:24:55,44,78,4,2,Decent,CXON
1063,12:24:55,785,C,F,R,3,58,2,12:24:55,50,13,64,15,Decent,CXON
1063,12:24:55,786,C,F,R,48,20,57,12:24:55,67,44,0,67,Decent,CXON
1063,12:24:55,787,C,F,R,35,24,22,12:24:55,99,18,29,12,Decent,CXON
1063,12:24:55,788,C,F,R,95,21,83,12:24:55,64,3,79,37,Decent,CXON
1063,12:24:55,789,C,F,R,2,38,30,12:24:55,91,93,8,85,Decent,CXON
1063,12:24:55,790,C,F,R,83,1,4,12:24:55,36,41,11,39,Decent,CXON
1063,12:24:55,791,C,F,R,88,12,40,12:24:55,29,87,72,36,Decent,CXON
1063,12:24:55,792,C,F,R,66,77,87,12:24:55,0,88,35,55,Decent,CXON
1063,12:24:55,793,C,F,R,12,69,13,12:24:55,21,65,61,75,Decent,CXON
1063,12:24:55,794,C,F,R,80,55,38,12:24:55,71,54,98,79,Decent,CXON
1063,12:24:55,795,C,F,R,40,51,99,12:24:55,71,33,88,23,Decent,CXON
1063,12:24:55,796,C,F,R,71,73,95,12:24:55,82,33,73,92,Decent,CXON
1063,12:24:55,797,C,F,R,41,31,79,12:24:55,3,67,86,74,Decent,CXON
1063,12:24:55,798,C,F,R,7,2,27,12:24:55,77,46,20,10,Decent,CXON
1063,12:24:55,799,C,F,R,68,4,32,12:24:55,81,52,79,67,Decent,CXON
1063,12:24:55,800,C,F,R,46,96,58,12:24:55,46,10,18,6,Decent,CXON
1063,12:24:55,801,C,F,R,34,10,44,12:24:55,79,3,22,46,Decent,CXON
1063,12:24:55,802,C,F,R,58,90,69,12:24:55,36,33,72,69,Decent,CXON
1063,12:24:55,803,C,F,R,54,11,22,12:24:55,70,95,12,75,Decent,CXON
1063,12:24:55,804,C,F,R,56,59,15,12:24:55,6,22,67,62,Decent,CXON
1063,12:24:55,805,C,F,R,2,65,22,12:24:55,95,39,64,18,Decent,CXON
1063,12:24:55,806,C,F,R,64,27,93,12:24:55,44,94,15,97,Decent,CXON
1063,12:24:55,807,C,F,R,81,10,38,12:24:55,85,38,18,73,Decent,CXON
1063,12:24:55,808,C,F,R,97,6,7,12:24:55,68,85,83,13,Decent,CXON
1063,12:24:55,809,C,F,R,66,49,48,12:24:55,27,49,4,34,Decent,CXON
1063,12:24:55,810,C,F,R,24,50,72,12:24:55,92,59,16,67,Decent,CXON
1063,12:24:55,811,C,F,R,36,43,72,12:24:55,80,29,68,80,Decent,CXON
1063,12:24:55,812,C,F,R,63,72,75,12:24:55,58,44,89,24,Decent,CXON
1063,12:24:55,813,C,F,R,52,47,87,12:24:55,57,79,95,63,Decent,CXON
1063,12:24:55,814,C,F,R,71,5,54,12:24:55,19,95,0,41,Decent,CXON
1063,12:24:55,815,C,F,R,78,96,8,12:24:55,77,74,7,20,Decent,CXON
1063,12:24:55,816,C,F,R,0,48,71,12:24:55,73,23,9,0,Decent,CXON
1063,12:24:55,817,C,F,R,39,20,34,12:24:55,97,64,68,35,Decent,CXON
1063,12:24:55,818,C,F,R,60,71,97,12:24:55,37,49,7,95,Decent,CXON
1063,12:24:55,819,C,F,R,87,19,52,12:24:55,25,23,47,66,Decent,CXON
1063,12:24:55,820,C,F,R,4,63,58,12:24:55,20,44,54,40,Decent,CXON
1063,12:24:55,821,C,F,R,82,2,70,12:24:55,81,1,23,51,Decent,CXON
1063,12:24:55,822,C,F,R,84,85,13,12:24:55,87,87,89,100,Decent,CXON
1063,12:24:55,823,C,F,R,48,14,45,12:24:55,93,9,28,63,Decent,CXON
1063,12:24:55,824,C,F,R,66,78,60,12:24:55,18,71,94,14,Decent,CXON
1063,12:24:55,825,C,F,R,67,18,99,12:24:55,4,29,70,68,Decent,CXON
1063,12:24:55,826,C,F,R,35,7,75,12:24:55,90,28,84,96,Decent,CXON
1063,12:24:55,827,C,F,R,11,43,51,12:24:55,28,27,26,33,Decent,CXON
1063,12:24:55,828,C,F,R,80,32,79,12:24:55,42,29,85,34,Decent,CXON
1063,12:24:55,829,C,F,R,68,87,60,12:24:55,44,0,32,75,Decent,CXON
1063,12:24:55,830,C,F,R,85,87,95,12:24:55,56,77,9,49,Decent,CXON
1063,12:24:55,831,C,F,R,13,8,60,12:24:55,40,97,26,96,Decent,CXON
1063,12:24:55,832,C,F,R,13,92,74,12:24:55,82,86,23,34,Decent,CXON
1063,12:24:55,833,C,F,R,31,61,9,12:24:55,45,62,32,57,Decent,CXON
1063,12:24:55,834,C,F,R,0,97,95,12:24:55,26,33,69,5,Decent,CXON
1063,12:24:55,835,C,F,R,89,99,19,12:24:55,60,87,26,38,Decent,CXON
1063,12:24:56,836,C,F,R,44,19,24,12:24:56,28,42,92,26,Decent,CXON
1063,12:24:56,837,C,F,R,3,88,61,12:24:56,85,21,47,34,Decent,CXON
1063,12:24:56,838,C,F,R,51,5,16,12:24:56,72,95,17,48,Decent,CXON
1063,12:24:56,839,C,F,R,96,66,82,12:24:56,74,98,20,32,Decent,CXON
1063,12:24:56,840,C,F,R,51,16,9,12:24:56,2,63,25,12,Decent,CXON
1063,12:24:56,841,C,F,R,16,15,12,12:24:56,87,66,14,33,Decent,CXON
1063,12:24:56,842,C,F,R,16,69,33,12:24:56,60,60,45,47,Decent,CXON
1063,12:24:56,843,C,F,R,58,93,9,12:24:56,84,49,53,60,Decent,CXON
1063,12:24:56,844,C,F,R,95,34,98,12:24:56,29,8,35,62,Decent,CXON
1063,12:24:56,845,C,F,R,70,29,87,12:24:56,66,59,32,48,Decent,CXON
1063,12:24:56,846,C,F,R,42,45,64,12:24:56,44,76,19,20,Decent,CXON
1063,12:24:56,847,C,F,R,71,11,41,12:24:56,16,25,49,41,Decent,CXON
1063,12:24:56,848,C,F,R,23,37,24,12:24:56,21,20,0,99,Decent,CXON
1063,12:24:56,849,C,F,R,37,27,80,12:24:56,1,35,6,10,Decent,CXON
1063,12:24:56,850,C,F,R,42,71,46,12:24:56,93,87,61,69,Decent,CXON
1063,12:24:56,851,C,F,R,90,92,92,12:24:56,60,5,69,88,Decent,CXON
1063,12:24:56,852,C,F,R,91,79,98,12:24:56,8,94,33,45,Decent,CXON
1063,12:24:56,853,C,F,R,5,59,85,12:24:56,35,66,7,63,Decent,CXON
1063,12:24:56,854,C,F,R,31,14,38,12:24:56,73,60,75,32,Decent,CXON
1063,12:24:56,855,C,F,R,5,6,94,12:24:56,58,87,55,85,Decent,CXON
1063,12:24:56,856,C,F,R,72,93,53,12:24:56,74,59,61,59,Decent,CXON
1063,12:24:56,857,C,F,R,44,53,75,12:24:56,80,75,60,55,Decent,CXON
1063,12:24:56,858,C,F,R,45,89,14,12:24:56,92,78,87,98,Decent,CXON
1063,12:24:56,859,C,F,R,33,73,91,12:24:56,28,89,6,36,Decent,CXON
1063,12:24:56,860,C,F,R,95,13,28,12:24:56,10,2,62,17,Decent,CXON
1063,12:24:56,861,C,F,R,8,7,77,12:24:56,13,59,71,7,Decent,CXON
1063,12:24:56,862,C,F,R,47,20,36,12:24:56,96,13,9,45,Decent,CXON
1063,12:24:56,863,C,F,R,16,48,11,12:24:56,87,22,61,74,Decent,CXON
1063,12:24:56,864,C,F,R,92,9,27,12:24:56,27,32,48,67,Decent,CXON
1063,12:24:56,865,C,F,R,63,68,100,12:24:56,92,19,59,7,Decent,CXON
1063,12:24:56,866,C,F,R,95,6,0,12:24:56,75,2,6,66,Decent,CXON
1063,12:24:56,867,C,F,R,35,10,12,12:24:56,100,45,62,64,Decent,CXON
1063,12:24:56,868,C,F,R,98,14,38,12:24:56,87,96,43,49,Decent,CXON
1063,12:24:56,869,C,F,R,39,24,27,12:24:56,86,58,18,100,Decent,CXON
1063,12:24:56,870,C,F,R,73,46,29,12:24:56,71,49,4,61,Decent,CXON
1063,12:24:56,871,C,F,R,13,31,71,12:24:56,10,6,3,53,Decent,CXON
1063,12:24:56,872,C,F,R,93,86,65,12:24:56,19,1,67,41,Decent,CXON
1063,12:24:56,873,C,F,R,100,57,28,12:24:56,48,22,65,93,Decent,CXON
1063,12:24:56,874,C,F,R,23,21,32,12:24:56,85,91,24,91,Decent,CXON
1063,12:24:56,875,C,F,R,80,74,62,12:24:56,88,21,46,64,Decent,CXON
1063,12:24:56,876,C,F,R,16,71,83,12:24:56,46,64,85,13,Decent,CXON
1063,12:24:56,877,C,F,R,60,52,19,12:24:56,2,20,99,85,Decent,CXON
1063,12:24:56,878,C,F,R,94,43,91,12:24:56,30,40,19,77,Decent,CXON
1063,12:24:56,879,C,F,R,28,16,70,12:24:56,1,31,54,38,Decent,CXON
1063,12:24:56,880,C,F,R,37,24,41,12:24:56,37,67,13,91,Decent,CXON
1063,12:24:56,881,C,F,R,16,85,60,12:24:56,18,54,12,14,Decent,CXON
1063,12:24:56,882,C,F,R,96,100,53,12:24:56,64,96,87,12,Decent,CXON
1063,12:24:56,883,C,F,R,72,29,32,12:24:56,65,5,15,54,Decent,CXON
1063,12:24:56,884,C,F,R,99,65,4,12:24:56,32,16,17,73,Decent,CXON
1063,12:24:56,885,C,F,R,42,97,66,12:24:56,33,69,84,34,Decent,CXON
1063,12:24:56,886,C,F,R,10,22,59,12:24:56,43,26,12,49,Decent,CXON
1063,12:24:56,887,C,F,R,76,79,45,12:24:56,66,81,65,66,Decent,CXON
1063,12:24:56,888,C,F,R,51,40,66,12:24:56,69,35,75,46,Decent,CXON
1063,12:24:56,889,C,F,R,16,89,96,12:24:56,46,28,50,56,Decent,CXON
1063,12:24:56,890,C,F,R,11,97,60,12:24:56,71,49,43,18,Decent,CXON
1063,12:24:56,891,C,F,R,61,48,21,12:24:56,37,82,54,12,Decent,CXON
1063,12:24:56,892,C,F,R,88,63,55,12:24:56,52,24,74,55,Decent,CXON
1063,12:24:56,893,C,F,R,62,45,42,12:24:56,78,15,81,27,Decent,CXON
1063,12:24:56,894,C,F,R,79,78,88,12:24:56,82,94,37,16,Decent,CXON
1063,12:24:56,895,C,F,R,46,27,93,12:24:56,28,27,4,96,Decent,CXON
1063,12:24:56,896,C,F,R,46,7,62,12:24:56,24,68,77,56,Decent,CXON
1063,12:24:56,897,C,F,R,45,96,51,12:24:56,77,31,54,86,Decent,CXON
1063,12:24:56,898,C,F,R,66,44,69,12:24:56,65,95,11,91,Decent,CXON
1063,12:24:56,899,C,F,R,18,20,36,12:24:56,68,56,29,82,Decent,CXON
1063,12:24:56,900,C,F,R,88,23,84,12:24:56,41,42,11,58,Decent,CXON
1063,12:24:56,901,C,F,R,97,30,41,12:24:56,23,51,90,10,Decent,CXON
1063,12:24:57,902,C,F,R,4,15,21,12:24:57,82,72,61,45,Decent,CXON
1063,12:24:57,903,C,F,R,100,87,84,12:24:57,65,2,59,24,Decent,CXON
1063,12:24:57,904,C,F,R,9,49,21,12:24:57,66,40,48,67,Decent,CXON
1063,12:24:57,905,C,F,R,50,95,59,12:24:57,52,83,87,85,Decent,CXON
1063,12:24:57,906,C,F,R,33,43,79,12:24:57,20,68,72,98,Decent,CXON
1063,12:24:57,907,C,F,R,84,66,13,12:24:57,18,38,59,72,Decent,CXON
1063,12:24:57,908,C,F,R,97,86,4,12:24:57,62,70,94,14,Decent,CXON
1063,12:24:57,909,C,F,R,31,44,19,12:24:57,23,11,52,22,Decent,CXON
1063,12:24:57,910,C,F,R,33,18,76,12:24:57,1,60,28,8,Decent,CXON
1063,12:24:57,911,C,F,R,36,0,73,12:24:57,14,69,75,79,Decent,CXON
1063,12:24:57,912,C,F,R,86,1,77,12:24:57,71,76,36,51,Decent,CXON
1063,12:24:57,913,C,F,R,18,90,10,12:24:57,9,14,19,38,Decent,CXON
1063,12:24:57,914,C,F,R,28,43,9,12:24:57,13,91,44,91,Decent,CXON
1063,12:24:57,915,C,F,R,37,11,0,12:24:57,70,95,79,82,Decent,CXON
1063,12:24:57,916,C,F,R,66,98,4,12:24:57,11,82,20,90,Decent,CXON
1063,12:24:57,917,C,F,R,47,61,66,12:24:57,17,91,36,20,Decent,CXON
1063,12:24:57,918,C,F,R,24,25,57,12:24:57,23,0,62,59,Decent,CXON
1063,12:24:57,919,C,F,R,62,46,31,12:24:57,81,17,97,70,Decent,CXON
1063,12:24:57,920,C,F,R,22,76,68,12:24:57,18,84,59,58,Decent,CXON
1063,12:24:57,921,C,F,R,37,80,9,12:24:57,27,68,77,72,Decent,CXON
1063,12:24:57,922,C,F,R,9,89,45,12:24:57,66,13,75,63,Decent,CXON
1063,12:24:57,923,C,F,R,6,60,72,12:24:57,54,36,72,48,Decent,CXON
1063,12:24:57,924,C,F,R,73,69,29,12:24:57,8,71,53,31,Decent,CXON
1063,12:24:57,925,C,F,R,53,91,47,12:24:57,35,48,19,60,Decent,CXON
1063,12:24:57,926,C,F,R,55,76,38,12:24:57,26,0,66,36,Decent,CXON
1063,12:24:57,927,C,F,R,55,16,56,12:24:57,31,79,6,0,Decent,CXON
1063,12:24:57,928,C,F,R,19,54,27,12:24:57,27,74,67,41,Decent,CXON
1063,12:24:57,929,C,F,R,35,17,82,12:24:57,75,39,49,66,Decent,CXON
1063,12:24:57,930,C,F,R,71,71,85,12:24:57,49,59,50,17,Decent,CXON
1063,12:24:57,931,C,F,R,9,71,42,12:24:57,67,76,22,77,Decent,CXON
1063,12:24:57,932,C,F,R,20,50,51,12:24:57,76,72,8,33,Decent,CXON
1063,12:24:57,933,C,F,R,63,5,2,12:24:57,36,21,24,36,Decent,CXON
1063,12:24:57,934,C,F,R,40,81,3,12:24:57,85,52,13,17,Decent,CXON
1063,12:24:57,935,C,F,R,40,27,44,12:24:57,94,96,4,27,Decent,CXON
1063,12:24:57,936,C,F,R,8,96,45,12:24:57,10,28,86,8,Decent,CXON
1063,12:24:57,937,C,F,R,99,11,99,12:24:57,69,71,73,86,Decent,CXON
1063,12:24:57,938,C,F,R,58,20,27,12:24:57,22,23,92,75,Decent,CXON
1063,12:24:57,939,C,F,R,35,2,57,12:24:57,15,9,88,68,Decent,CXON
1063,12:24:57,940,C,F,R,52,15,14,12:24:57,98,62,54,22,Decent,CXON
1063,12:24:57,941,C,F,R,80,39,4,12:24:57,88,68,55,67,Decent,CXON
1063,12:24:57,942,C,F,R,93,78,44,12:24:57,85,72,43,1,Decent,CXON
1063,12:24:57,943,C,F,R,19,44,40,12:24:57,45,71,8,34,Decent,CXON
1063,12:24:57,944,C,F,R,83,4,74,12:24:57,19,16,81,84,Decent,CXON
1063,12:24:57,945,C,F,R,11,27,65,12:24:57,46,11,76,0,Decent,CXON
1063,12:24:57,946,C,F,R,48,87,34,12:24:57,59,1,0,88,Decent,CXON
1063,12:24:57,947,C,F,R,80,59,25,12:24:57,71,68,94,43,Decent,CXON
1063,12:24:57,948,C,F,R,25,45,28,12:24:57,72,33,45,79,Decent,CXON
1063,12:24:57,949,C,F,R,70,10,34,12:24:57,42,17,43,0,Decent,CXON
1063,12:24:57,950,C,F,R,78,65,19,12:24:57,29,46,88,78,Decent,CXON
1063,12:24:57,951,C,F,R,71,52,2,12:24:57,65,68,13,52,Decent,CXON
1063,12:24:57,952,C,F,R,13,60,50,12:24:57,100,68,90,66,Decent,CXON
1063,12:24:57,953,C,F,R,99,0,96,12:24:57,71,48,89,5,Decent,CXON
1063,12:24:57,954,C,F,R,13,29,74,12:24:57,83,26,14,55,Decent,CXON
1063,12:24:57,955,C,F,R,10,77,8,12:24:57,4,84,15,73,Decent,CXON
1063,12:24:57,956,C,F,R,54,21,72,12:24:57,78,43,23,24,Decent,CXON
1063,12:24:57,957,C,F,R,59,95,16,12:24:57,49,51,89,92,Decent,CXON
1063,12:24:57,958,C,F,R,22,37,15,12:24:57,52,38,77,14,Decent,CXON
1063,12:24:57,959,C,F,R,49,18,90,12:24:57,17,89,62,54,Decent,CXON
1063,12:24:57,960,C,F,R,1,47,60,12:24:57,20,24,14,32,Decent,CXON
1063,12:24:57,961,C,F,R,4,75,29,12:24:57,14,20,66,72,Decent,CXON
1063,12:24:57,962,C,F,R,92,4,1,12:24:57,47,43,58,43,Decent,CXON
1063,12:24:57,963,C,F,R,55,21,9,12:24:57,87,59,64,45,Decent,CXON
1063,12:24:57,964,C,F,R,18,31,13,12:24:57,7,1,45,60,Decent,CXON
1063,12:24:57,965,C,F,R,55,32,66,12:24:57,49,36,58,76,Decent,CXON
1063,12:24:57,966,C,F,R,59,60,53,12:24:57,48,92,68,18,Decent,CXON
1063,12:24:58,967,C,F,R,80,48,65,12:24:58,73,67,87,29,Decent,CXON
1063,12:24:58,968,C,F,R,3,74,84,12:24:58,36,84,31,40,Decent,CXON
1063,12:24:58,969,C,F,R,60,66,65,12:24:58,13,53,37,35,Decent,CXON
1063,12:24:58,970,C,F,R,11,27,13,12:24:58,45,23,1,93,Decent,CXON
1063,12:24:58,971,C,F,R,67,2,94,12:24:58,32,75,34,47,Decent,CXON
1063,12:24:58,972,C,F,R,91,41,90,12:24:58,41,35,71,2,Decent,CXON
1063,12:24:58,973,C,F,R,93,97,95,12:24:58,29,10,97,40,Decent,CXON
1063,12:24:58,974,C,F,R,18,90,64,12:24:58,25,100,32,27,Decent,CXON
1063,12:24:58,975,C,F,R,65,19,68,12:24:58,75,58,61,1,Decent,CXON
1063,12:24:58,976,C,F,R,48,32,58,12:24:58,40,82,25,11,Decent,CXON
1063,12:24:58,977,C,F,R,5,31,94,12:24:58,78,28,57,81,Decent,CXON
1063,12:24:58,978,C,F,R,22,72,47,12:24:58,64,79,98,41,Decent,CXON
1063,12:24:58,979,C,F,R,12,23,43,12:24:58,56,99,73,42,Decent,CXON
1063,12:24:58,980,C,F,R,65,26,94,12:24:58,39,57,25,12,Decent,CXON
1063,12:24:58,981,C,F,R,27,1,85,12:24:58,91,67,20,79,Decent,CXON
1063,12:24:58,982,C,F,R,87,8,91,12:24:58,97,8,58,58,Decent,CXON
1063,12:24:58,983,C,F,R,79,39,72,12:24:58,46,34,87,67,Decent,CXON
1063,12:24:58,984,C,F,R,6,88,62,12:24:58,87,92,24,72,Decent,CXON
1063,12:24:58,985,C,F,R,17,59,55,12:24:58,85,2,87,81,Decent,CXON
1063,12:24:58,986,C,F,R,21,0,93,12:24:58,98,92,69,46,Decent,CXON
1063,12:24:58,987,C,F,R,10,41,37,12:24:58,86,79,6,58,Decent,CXON
1063,12:24:58,988,C,F,R,37,79,20,12:24:58,25,42,62,100,Decent,CXON
1063,12:24:58,989,C,F,R,94,50,24,12:24:58,76,2,38,95,Decent,CXON
1063,12:24:58,990,C,F,R,99,12,74,12:24:58,38,30,27,21,Decent,CXON
1063,12:24:58,991,C,F,R,42,96,22,12:24:58,60,98,10,44,Decent,CXON
1063,12:24:58,992,C,F,R,37,1,45,12:24:58,35,7,93,3,Decent,CXON
1063,12:24:58,993,C,F,R,2,55,76,12:24:58,7,17,69,100,Decent,CXON
1063,12:24:58,994,C,F,R,13,77,64,12:24:58,86,83,23,64,Decent,CXON
1063,12:24:58,995,C,F,R,87,49,95,12:24:58,77,65,73,3,Decent,CXON
1063,12:24:58,996,C,F,R,56,46,58,12:24:58,50,78,29,54,Decent,CXON
1063,12:24:58,997,C,F,R,6,46,3,12:24:58,64,12,82,70,Decent,CXON
1063,12:24:58,998,C,F,R,23,72,53,12:24:58,93,54,95,2,Decent,CXON
1063,12:24:58,999,C,F,R,36,55,20,12:24:58,69,57,85,35,Decent,CXON
1063,12:24:58,1000,C,F,R,49,41,18,12:24:58,76,26,81,89,Decent,CXON
