PAYLOAD_ID,MISSION_TIME,T+ Time,PACKET_COUNT,PACKET_TYPE,TP_ALTITUDE,TP_TEMP,TP_VOLTAGE,GYRO_R,GYRO_P,GYRO_Y,ACCEL_R,ACCEL_P,ACCEL_Y,MAG_R,MAG_P,MAG_Y,POINTING_ERROR,TP_SOFTWARE_STATE
5063,19:33:15,0:00:00,1,C,79,53,1,61,77,53,64,53,3,79,61,1,64,Decent
5063,19:33:15,0:00:00.103127,2,C,92,53,5,56,67,53,43,53,50,92,56,5,43,Decent
5063,19:33:15,0:00:00.218322,3,C,41,23,88,58,24,23,40,23,17,41,58,88,40,Decent
5063,19:33:15,0:00:00.325037,4,C,70,48,2,14,25,48,16,48,100,70,14,2,16,Decent
5063,19:33:15,0:00:00.435862,5,C,94,83,83,2,55,83,56,83,40,94,2,83,56,Decent
5063,19:33:15,0:00:00.538848,6,C,5,78,59,18,92,78,27,78,94,5,18,59,27,Decent
5063,19:33:15,0:00:00.646194,7,C,22,64,2,77,68,64,82,64,53,22,77,2,82,Decent
5063,19:33:16,0:00:00.761864,8,C,5,54,98,47,35,54,66,54,35,5,47,98,66,Decent
5063,19:33:16,0:00:00.873861,9,C,65,12,42,55,100,12,30,12,57,65,55,42,30,Decent
5063,19:33:16,0:00:00.988889,10,C,53,54,67,1,85,54,36,54,54,53,1,67,36,Decent
5063,19:33:16,0:00:01.095046,11,C,45,80,7,74,81,80,5,80,2,45,74,7,5,Decent
5063,19:33:16,0:00:01.201049,12,C,88,65,23,72,95,65,57,65,52,88,72,23,57,Decent
5063,19:33:16,0:00:01.315970,13,C,91,15,18,83,75,15,54,15,71,91,83,18,54,Decent
5063,19:33:16,0:00:01.428974,14,C,62,90,96,15,43,90,84,90,86,62,15,96,84,Decent
5063,19:33:16,0:00:01.535398,15,C,97,14,36,79,93,14,46,14,6,97,79,36,46,Decent
5063,19:33:16,0:00:01.640547,16,C,29,30,63,12,4,30,55,30,42,29,12,63,55,Decent
5063,19:33:17,0:00:01.748850,17,C,97,76,67,84,86,76,99,76,58,97,84,67,99,Decent
5063,19:33:17,0:00:01.868789,18,C,67,83,45,86,62,83,15,83,86,67,86,45,15,Decent
5063,19:33:17,0:00:01.976325,19,C,78,67,82,64,28,67,20,67,12,78,64,82,20,Decent
5063,19:33:17,0:00:02.082932,20,C,72,65,26,1,73,65,68,65,14,72,1,26,68,Decent
5063,19:33:17,0:00:02.198400,21,C,8,69,61,75,88,69,47,69,12,8,75,61,47,Decent
5063,19:33:17,0:00:02.303730,22,C,55,26,28,35,59,26,39,26,81,55,35,28,39,Decent
5063,19:33:17,0:00:02.411937,23,C,46,18,57,95,92,18,60,18,44,46,95,57,60,Decent
5063,19:33:17,0:00:02.519451,24,C,71,83,86,20,42,83,5,83,90,71,20,86,5,Decent
5063,19:33:17,0:00:02.623740,25,C,82,73,48,51,87,73,24,73,75,82,51,48,24,Decent
5063,19:33:18,0:00:02.735214,26,C,61,16,48,73,91,16,93,16,71,61,73,48,93,Decent
5063,19:33:18,0:00:02.846570,27,C,34,90,14,94,32,90,40,90,33,34,94,14,40,Decent
5063,19:33:18,0:00:02.950563,28,C,22,7,87,28,48,7,5,7,76,22,28,87,5,Decent
5063,19:33:18,0:00:03.060397,29,C,0,51,41,46,55,51,16,51,62,0,46,41,16,Decent
5063,19:33:18,0:00:03.166149,30,C,78,2,72,95,69,2,28,2,24,78,95,72,28,Decent
5063,19:33:18,0:00:03.270012,31,C,86,25,38,18,99,25,13,25,86,86,18,38,13,Decent
5063,19:33:18,0:00:03.382788,32,C,48,11,43,55,17,11,25,11,61,48,55,43,25,Decent
5063,19:33:18,0:00:03.488913,33,C,43,83,37,85,94,83,72,83,31,43,85,37,72,Decent
5063,19:33:18,0:00:03.604338,34,C,0,33,6,9,65,33,95,33,56,0,9,6,95,Decent
5063,19:33:19,0:00:03.713301,35,C,78,0,55,55,37,0,42,0,87,78,55,55,42,Decent
5063,19:33:19,0:00:03.822201,36,C,32,55,52,94,9,55,30,55,70,32,94,52,30,Decent
5063,19:33:19,0:00:03.937580,37,C,86,69,18,26,3,69,52,69,53,86,26,18,52,Decent
5063,19:33:19,0:00:04.055213,38,C,23,85,11,69,100,85,99,85,13,23,69,11,99,Decent
5063,19:33:19,0:00:04.166713,39,C,63,51,2,37,8,51,32,51,99,63,37,2,32,Decent
5063,19:33:19,0:00:04.284584,40,C,60,90,100,10,34,90,47,90,26,60,10,100,47,Decent
5063,19:33:19,0:00:04.398801,41,C,86,66,28,36,69,66,19,66,33,86,36,28,19,Decent
5063,19:33:19,0:00:04.513475,42,C,45,85,47,9,22,85,2,85,68,45,9,47,2,Decent
5063,19:33:19,0:00:04.618229,43,C,36,15,99,54,79,15,6,15,46,36,54,99,6,Decent
5063,19:33:20,0:00:04.726890,44,C,43,70,83,3,4,70,17,70,98,43,3,83,17,Decent
5063,19:33:20,0:00:04.838245,45,C,30,24,95,59,68,24,33,24,78,30,59,95,33,Decent
5063,19:33:20,0:00:04.956200,46,C,46,67,16,39,20,67,7,67,99,46,39,16,7,Decent
5063,19:33:20,0:00:05.064146,47,C,5,31,52,8,91,31,11,31,12,5,8,52,11,Decent
5063,19:33:20,0:00:05.174814,48,C,4,35,66,84,85,35,31,35,14,4,84,66,31,Decent
5063,19:33:20,0:00:05.290455,49,C,36,100,90,58,71,100,31,100,85,36,58,90,31,Decent
5063,19:33:20,0:00:05.397587,50,C,23,81,29,87,53,81,35,81,22,23,87,29,35,Decent
5063,19:33:20,0:00:05.515487,51,C,58,84,71,59,75,84,89,84,64,58,59,71,89,Decent
5063,19:33:20,0:00:05.632020,52,C,94,94,92,98,51,94,98,94,64,94,98,92,98,Decent
5063,19:33:21,0:00:05.743318,53,C,53,53,67,39,0,53,19,53,64,53,39,67,19,Decent
5063,19:33:21,0:00:05.851154,54,C,32,75,11,100,92,75,46,75,12,32,100,11,46,Decent
5063,19:33:21,0:00:05.960284,55,C,93,0,67,89,28,0,14,0,66,93,89,67,14,Decent
5063,19:33:21,0:00:06.063767,56,C,93,76,90,62,75,76,69,76,93,93,62,90,69,Decent
5063,19:33:21,0:00:06.180313,57,C,42,54,43,53,14,54,28,54,48,42,53,43,28,Decent
5063,19:33:21,0:00:06.290381,58,C,29,43,53,42,60,43,50,43,19,29,42,53,50,Decent
5063,19:33:21,0:00:06.393774,59,C,10,51,0,38,82,51,54,51,7,10,38,0,54,Decent
5063,19:33:21,0:00:06.498797,60,C,39,34,98,93,12,34,60,34,61,39,93,98,60,Decent
5063,19:33:21,0:00:06.603409,61,C,71,37,2,93,45,37,52,37,45,71,93,2,52,Decent
5063,19:33:22,0:00:06.720258,62,C,47,47,54,43,95,47,53,47,2,47,43,54,53,Decent
5063,19:33:22,0:00:06.834253,63,C,28,15,8,22,82,15,40,15,20,28,22,8,40,Decent
5063,19:33:22,0:00:06.936864,64,C,7,1,95,70,57,1,32,1,46,7,70,95,32,Decent
5063,19:33:22,0:00:07.051594,65,C,10,55,51,29,60,55,37,55,57,10,29,51,37,Decent
5063,19:33:22,0:00:07.155447,66,C,81,72,85,56,47,72,20,72,11,81,56,85,20,Decent
5063,19:33:22,0:00:07.259000,67,C,10,25,73,74,5,25,65,25,37,10,74,73,65,Decent
5063,19:33:22,0:00:07.363847,68,C,53,65,91,73,45,65,79,65,65,53,73,91,79,Decent
5063,19:33:22,0:00:07.469071,69,C,55,52,90,19,6,52,83,52,54,55,19,90,83,Decent
5063,19:33:22,0:00:07.577291,70,C,50,51,33,10,50,51,10,51,4,50,10,33,10,Decent
5063,19:33:23,0:00:07.691247,71,C,100,52,70,72,50,52,71,52,28,100,72,70,71,Decent
5063,19:33:23,0:00:07.805837,72,C,41,32,30,39,14,32,63,32,84,41,39,30,63,Decent
5063,19:33:23,0:00:07.909238,73,C,1,7,84,22,44,7,20,7,4,1,22,84,20,Decent
5063,19:33:23,0:00:08.013189,74,C,71,13,37,15,84,13,9,13,10,71,15,37,9,Decent
5063,19:33:23,0:00:08.117705,75,C,28,59,53,72,65,59,68,59,65,28,72,53,68,Decent
5063,19:33:23,0:00:08.222643,76,C,36,45,97,51,35,45,0,45,0,36,51,97,0,Decent
5063,19:33:23,0:00:08.335400,77,C,14,69,76,73,34,69,31,69,2,14,73,76,31,Decent
5063,19:33:23,0:00:08.443834,78,C,24,32,82,14,88,32,22,32,29,24,14,82,22,Decent
5063,19:33:23,0:00:08.551271,79,C,63,16,56,97,51,16,23,16,93,63,97,56,23,Decent
5063,19:33:23,0:00:08.657101,80,C,50,85,49,94,58,85,53,85,61,50,94,49,53,Decent
5063,19:33:24,0:00:08.765591,81,C,64,58,21,54,41,58,15,58,66,64,54,21,15,Decent
5063,19:33:24,0:00:08.879400,82,C,0,88,70,18,57,88,29,88,1,0,18,70,29,Decent
5063,19:33:24,0:00:08.997819,83,C,72,14,37,68,26,14,1,14,61,72,68,37,1,Decent
5063,19:33:24,0:00:09.100815,84,C,40,8,95,91,20,8,47,8,59,40,91,95,47,Decent
5063,19:33:24,0:00:09.202942,85,C,64,25,62,11,40,25,93,25,98,64,11,62,93,Decent
5063,19:33:24,0:00:09.307995,86,C,36,42,93,68,3,42,91,42,91,36,68,93,91,Decent
5063,19:33:24,0:00:09.417604,87,C,66,3,45,82,12,3,54,3,34,66,82,45,54,Decent
5063,19:33:24,0:00:09.527762,88,C,85,80,5,41,79,80,35,80,54,85,41,5,35,Decent
5063,19:33:24,0:00:09.645784,89,C,45,30,82,82,83,30,82,30,52,45,82,82,82,Decent
5063,19:33:25,0:00:09.751301,90,C,52,16,23,58,27,16,20,16,46,52,58,23,20,Decent
5063,19:33:25,0:00:09.857750,91,C,88,77,61,72,77,77,63,77,27,88,72,61,63,Decent
5063,19:33:25,0:00:09.962470,92,C,82,85,35,48,57,85,26,85,8,82,48,35,26,Decent
5063,19:33:25,0:00:10.070281,93,C,91,81,51,8,13,81,75,81,39,91,8,51,75,Decent
5063,19:33:25,0:00:10.177743,94,C,49,15,13,91,15,15,43,15,49,49,91,13,43,Decent
5063,19:33:25,0:00:10.282801,95,C,31,91,35,32,94,91,26,91,47,31,32,35,26,Decent
5063,19:33:25,0:00:10.386590,96,C,69,88,48,11,92,88,13,88,62,69,11,48,13,Decent
5063,19:33:25,0:00:10.490671,97,C,44,87,63,85,53,87,39,87,98,44,85,63,39,Decent
5063,19:33:25,0:00:10.599390,98,C,96,18,76,74,95,18,55,18,75,96,74,76,55,Decent
5063,19:33:26,0:00:10.712390,99,C,25,15,69,73,64,15,42,15,82,25,73,69,42,Decent
5063,19:33:26,0:00:10.824131,100,C,56,18,65,53,41,18,73,18,51,56,53,65,73,Decent
5063,19:33:26,0:00:10.933765,101,C,30,36,76,18,33,36,79,36,80,30,18,76,79,Decent
5063,19:33:26,0:00:11.044040,102,C,33,25,61,69,2,25,6,25,5,33,69,61,6,Decent
5063,19:33:26,0:00:11.152417,103,C,30,83,23,44,66,83,77,83,76,30,44,23,77,Decent
5063,19:33:26,0:00:11.270082,104,C,58,33,13,50,76,33,81,33,88,58,50,13,81,Decent
5063,19:33:26,0:00:11.376176,105,C,62,54,7,88,88,54,30,54,14,62,88,7,30,Decent
5063,19:33:26,0:00:11.488838,106,C,7,13,78,61,27,13,3,13,6,7,61,78,3,Decent
5063,19:33:26,0:00:11.593842,107,C,4,64,57,86,23,64,16,64,55,4,86,57,16,Decent
5063,19:33:27,0:00:11.701269,108,C,6,63,61,47,23,63,41,63,80,6,47,61,41,Decent
5063,19:33:27,0:00:11.812215,109,C,40,8,97,73,63,8,75,8,93,40,73,97,75,Decent
5063,19:33:27,0:00:11.916623,110,C,70,59,77,12,80,59,35,59,71,70,12,77,35,Decent
5063,19:33:27,0:00:12.032899,111,C,61,46,1,69,48,46,74,46,49,61,69,1,74,Decent
5063,19:33:27,0:00:12.138068,112,C,63,51,56,53,41,51,87,51,57,63,53,56,87,Decent
5063,19:33:27,0:00:12.242011,113,C,62,59,81,66,94,59,25,59,55,62,66,81,25,Decent
5063,19:33:27,0:00:12.346670,114,C,41,70,88,21,54,70,46,70,77,41,21,88,46,Decent
5063,19:33:27,0:00:12.452423,115,C,43,58,99,95,69,58,28,58,65,43,95,99,28,Decent
5063,19:33:27,0:00:12.568755,116,C,6,71,43,36,47,71,16,71,17,6,36,43,16,Decent
5063,19:33:28,0:00:12.674166,117,C,85,5,15,39,35,5,14,5,20,85,39,15,14,Decent
5063,19:33:28,0:00:12.783819,118,C,13,96,79,21,78,96,8,96,57,13,21,79,8,Decent
5063,19:33:28,0:00:12.894297,119,C,43,12,34,42,99,12,85,12,5,43,42,34,85,Decent
5063,19:33:28,0:00:12.999591,120,C,24,76,11,100,18,76,71,76,70,24,100,11,71,Decent
5063,19:33:28,0:00:13.113392,121,C,13,59,73,72,92,59,77,59,93,13,72,73,77,Decent
5063,19:33:28,0:00:13.218912,122,C,68,75,77,100,8,75,71,75,35,68,100,77,71,Decent
5063,19:33:28,0:00:13.323126,123,C,83,0,37,35,52,0,93,0,44,83,35,37,93,Decent
5063,19:33:28,0:00:13.428210,124,C,85,100,2,22,45,100,77,100,89,85,22,2,77,Decent
5063,19:33:28,0:00:13.532935,125,C,5,97,79,99,86,97,2,97,29,5,99,79,2,Decent
5063,19:33:28,0:00:13.636441,126,C,19,69,59,44,68,69,60,69,16,19,44,59,60,Decent
5063,19:33:29,0:00:13.741539,127,C,38,12,8,23,52,12,78,12,97,38,23,8,78,Decent
5063,19:33:29,0:00:13.848359,128,C,16,30,43,81,87,30,33,30,6,16,81,43,33,Decent
5063,19:33:29,0:00:13.952061,129,C,15,65,37,8,25,65,44,65,73,15,8,37,44,Decent
5063,19:33:29,0:00:14.058451,130,C,70,3,74,53,93,3,39,3,88,70,53,74,39,Decent
5063,19:33:29,0:00:14.168781,131,C,14,66,24,95,41,66,90,66,66,14,95,24,90,Decent
5063,19:33:29,0:00:14.280925,132,C,56,37,34,41,22,37,11,37,10,56,41,34,11,Decent
5063,19:33:29,0:00:14.393643,133,C,44,38,34,8,82,38,47,38,63,44,8,34,47,Decent
5063,19:33:29,0:00:14.498544,134,C,17,29,97,99,80,29,57,29,44,17,99,97,57,Decent
5063,19:33:29,0:00:14.614259,135,C,30,37,83,84,6,37,83,37,14,30,84,83,83,Decent
5063,19:33:30,0:00:14.729330,136,C,44,49,71,24,49,49,3,49,14,44,24,71,3,Decent
5063,19:33:30,0:00:14.846964,137,C,84,78,70,12,65,78,36,78,100,84,12,70,36,Decent
5063,19:33:30,0:00:14.961966,138,C,56,93,35,0,25,93,3,93,58,56,0,35,3,Decent
5063,19:33:30,0:00:15.064781,139,C,17,15,27,21,63,15,99,15,36,17,21,27,99,Decent
5063,19:33:30,0:00:15.169228,140,C,12,70,74,87,67,70,32,70,77,12,87,74,32,Decent
5063,19:33:30,0:00:15.273699,141,C,53,11,67,21,20,11,45,11,53,53,21,67,45,Decent
5063,19:33:30,0:00:15.380954,142,C,9,22,100,26,2,22,11,22,54,9,26,100,11,Decent
5063,19:33:30,0:00:15.483366,143,C,82,56,60,4,3,56,95,56,76,82,4,60,95,Decent
5063,19:33:30,0:00:15.590545,144,C,55,94,5,55,62,94,38,94,67,55,55,5,38,Decent
5063,19:33:31,0:00:15.696692,145,C,54,3,36,56,30,3,11,3,82,54,56,36,11,Decent
5063,19:33:31,0:00:15.802817,146,C,86,41,20,11,2,41,10,41,67,86,11,20,10,Decent
5063,19:33:31,0:00:15.907826,147,C,21,99,8,36,44,99,20,99,56,21,36,8,20,Decent
5063,19:33:31,0:00:16.011943,148,C,12,69,5,22,64,69,94,69,79,12,22,5,94,Decent
5063,19:33:31,0:00:16.116157,149,C,16,73,43,3,90,73,43,73,100,16,3,43,43,Decent
5063,19:33:31,0:00:16.232190,150,C,75,62,31,80,7,62,12,62,95,75,80,31,12,Decent
5063,19:33:31,0:00:16.348948,151,C,29,13,85,48,1,13,7,13,30,29,48,85,7,Decent
5063,19:33:31,0:00:16.462850,152,C,7,15,24,73,83,15,75,15,19,7,73,24,75,Decent
5063,19:33:31,0:00:16.579367,153,C,23,81,84,97,16,81,99,81,52,23,97,84,99,Decent
5063,19:33:32,0:00:16.691392,154,C,91,51,11,6,51,51,15,51,86,91,6,11,15,Decent
5063,19:33:32,0:00:16.796475,155,C,11,94,14,77,11,94,35,94,78,11,77,14,35,Decent
5063,19:33:32,0:00:16.903397,156,C,79,43,90,18,4,43,0,43,55,79,18,90,0,Decent
5063,19:33:32,0:00:17.011344,157,C,64,6,18,56,53,6,20,6,75,64,56,18,20,Decent
5063,19:33:32,0:00:17.114542,158,C,42,57,53,19,75,57,13,57,51,42,19,53,13,Decent
5063,19:33:32,0:00:17.221428,159,C,0,32,33,34,34,32,18,32,0,0,34,33,18,Decent
5063,19:33:32,0:00:17.326730,160,C,2,29,53,71,51,29,55,29,82,2,71,53,55,Decent
5063,19:33:32,0:00:17.433857,161,C,73,7,11,77,29,7,78,7,80,73,77,11,78,Decent
5063,19:33:32,0:00:17.541449,162,C,17,25,5,16,67,25,39,25,21,17,16,5,39,Decent
5063,19:33:32,0:00:17.648253,163,C,50,78,11,27,50,78,16,78,3,50,27,11,16,Decent
5063,19:33:33,0:00:17.763890,164,C,17,40,71,25,90,40,77,40,29,17,25,71,77,Decent
5063,19:33:33,0:00:17.869697,165,C,55,84,30,53,30,84,93,84,23,55,53,30,93,Decent
5063,19:33:33,0:00:17.973391,166,C,74,44,36,8,15,44,7,44,4,74,8,36,7,Decent
5063,19:33:33,0:00:18.089284,167,C,30,43,41,38,69,43,57,43,91,30,38,41,57,Decent
5063,19:33:33,0:00:18.194527,168,C,59,87,34,18,34,87,56,87,57,59,18,34,56,Decent
5063,19:33:33,0:00:18.311392,169,C,37,43,77,68,65,43,90,43,49,37,68,77,90,Decent
5063,19:33:33,0:00:18.419680,170,C,5,93,19,2,28,93,15,93,93,5,2,19,15,Decent
5063,19:33:33,0:00:18.531091,171,C,71,47,74,30,6,47,3,47,43,71,30,74,3,Decent
5063,19:33:33,0:00:18.644884,172,C,62,94,24,96,7,94,64,94,78,62,96,24,64,Decent
5063,19:33:34,0:00:18.751628,173,C,62,39,19,88,69,39,82,39,74,62,88,19,82,Decent
5063,19:33:34,0:00:18.857977,174,C,78,32,41,36,15,32,61,32,89,78,36,41,61,Decent
5063,19:33:34,0:00:18.964625,175,C,61,10,35,93,7,10,40,10,89,61,93,35,40,Decent
5063,19:33:34,0:00:19.077095,176,C,22,82,79,63,83,82,61,82,11,22,63,79,61,Decent
5063,19:33:34,0:00:19.184285,177,C,41,62,53,53,14,62,28,62,41,41,53,53,28,Decent
5063,19:33:34,0:00:19.290268,178,C,49,95,65,97,44,95,0,95,32,49,97,65,0,Decent
5063,19:33:34,0:00:19.397871,179,C,98,47,2,68,84,47,84,47,3,98,68,2,84,Decent
5063,19:33:34,0:00:19.512952,180,C,62,97,87,56,88,97,39,97,6,62,56,87,39,Decent
5063,19:33:34,0:00:19.618308,181,C,35,17,57,88,100,17,100,17,91,35,88,57,100,Decent
5063,19:33:35,0:00:19.730565,182,C,15,18,13,11,75,18,8,18,46,15,11,13,8,Decent
5063,19:33:35,0:00:19.837117,183,C,9,87,25,17,60,87,8,87,86,9,17,25,8,Decent
5063,19:33:35,0:00:19.945835,184,C,91,68,66,10,96,68,98,68,44,91,10,66,98,Decent
5063,19:33:35,0:00:20.060255,185,C,60,100,23,8,8,100,68,100,87,60,8,23,68,Decent
5063,19:33:35,0:00:20.177774,186,C,22,11,42,15,78,11,49,11,52,22,15,42,49,Decent
5063,19:33:35,0:00:20.282196,187,C,58,38,68,71,59,38,91,38,41,58,71,68,91,Decent
5063,19:33:35,0:00:20.394523,188,C,72,44,62,94,43,44,62,44,93,72,94,62,62,Decent
5063,19:33:35,0:00:20.498744,189,C,40,92,35,28,43,92,16,92,19,40,28,35,16,Decent
5063,19:33:35,0:00:20.611081,190,C,41,97,56,21,5,97,70,97,85,41,21,56,70,Decent
5063,19:33:36,0:00:20.719887,191,C,8,67,98,17,100,67,92,67,3,8,17,98,92,Decent
5063,19:33:36,0:00:20.830093,192,C,30,35,66,88,4,35,73,35,43,30,88,66,73,Decent
5063,19:33:36,0:00:20.935631,193,C,57,92,17,21,15,92,84,92,79,57,21,17,84,Decent
5063,19:33:36,0:00:21.046759,194,C,12,24,69,74,1,24,1,24,87,12,74,69,1,Decent
5063,19:33:36,0:00:21.158611,195,C,73,87,18,61,1,87,93,87,34,73,61,18,93,Decent
5063,19:33:36,0:00:21.265599,196,C,3,84,9,63,19,84,81,84,91,3,63,9,81,Decent
5063,19:33:36,0:00:21.377001,197,C,12,46,4,7,70,46,41,46,89,12,7,4,41,Decent
5063,19:33:36,0:00:21.481021,198,C,18,23,2,92,82,23,38,23,57,18,92,2,38,Decent
5063,19:33:36,0:00:21.584925,199,C,59,84,71,97,90,84,66,84,95,59,97,71,66,Decent
5063,19:33:37,0:00:21.690594,200,C,90,54,76,36,65,54,31,54,41,90,36,76,31,Decent
5063,19:33:37,0:00:21.799223,201,C,38,59,93,4,51,59,68,59,20,38,4,93,68,Decent
5063,19:33:37,0:00:21.906738,202,C,72,47,63,27,55,47,27,47,29,72,27,63,27,Decent
5063,19:33:37,0:00:22.020474,203,C,59,92,100,57,81,92,66,92,86,59,57,100,66,Decent
5063,19:33:37,0:00:22.132121,204,C,94,37,94,27,46,37,29,37,50,94,27,94,29,Decent
5063,19:33:37,0:00:22.245326,205,C,91,23,80,51,54,23,44,23,8,91,51,80,44,Decent
5063,19:33:37,0:00:22.350276,206,C,100,37,27,35,55,37,20,37,99,100,35,27,20,Decent
5063,19:33:37,0:00:22.467150,207,C,73,49,64,25,33,49,13,49,56,73,25,64,13,Decent
5063,19:33:37,0:00:22.580338,208,C,44,29,43,54,37,29,34,29,99,44,54,43,34,Decent
5063,19:33:38,0:00:22.685124,209,C,21,1,61,7,71,1,43,1,56,21,7,61,43,Decent
5063,19:33:38,0:00:22.791257,210,C,76,67,85,43,0,67,33,67,14,76,43,85,33,Decent
5063,19:33:38,0:00:22.904547,211,C,60,66,49,98,99,66,33,66,33,60,98,49,33,Decent
5063,19:33:38,0:00:23.011162,212,C,39,35,62,33,73,35,37,35,69,39,33,62,37,Decent
5063,19:33:38,0:00:23.121557,213,C,30,30,88,9,47,30,3,30,14,30,9,88,3,Decent
5063,19:33:38,0:00:23.233035,214,C,83,1,38,50,52,1,76,1,91,83,50,38,76,Decent
5063,19:33:38,0:00:23.339647,215,C,16,57,78,34,49,57,46,57,38,16,34,78,46,Decent
5063,19:33:38,0:00:23.454600,216,C,68,93,55,34,85,93,36,93,48,68,34,55,36,Decent
5063,19:33:38,0:00:23.562173,217,C,62,7,86,28,56,7,35,7,24,62,28,86,35,Decent
5063,19:33:38,0:00:23.665954,218,C,64,81,27,42,2,81,72,81,93,64,42,27,72,Decent
5063,19:33:39,0:00:23.774328,219,C,46,27,89,86,32,27,39,27,61,46,86,89,39,Decent
5063,19:33:39,0:00:23.877571,220,C,46,53,87,64,14,53,55,53,36,46,64,87,55,Decent
5063,19:33:39,0:00:23.986097,221,C,65,82,69,60,66,82,24,82,82,65,60,69,24,Decent
5063,19:33:39,0:00:24.094606,222,C,92,40,45,70,7,40,14,40,66,92,70,45,14,Decent
5063,19:33:39,0:00:24.198680,223,C,21,87,78,16,59,87,77,87,80,21,16,78,77,Decent
5063,19:33:39,0:00:24.310891,224,C,80,31,51,81,14,31,62,31,48,80,81,51,62,Decent
5063,19:33:39,0:00:24.425106,225,C,8,76,42,44,100,76,51,76,24,8,44,42,51,Decent
5063,19:33:39,0:00:24.529402,226,C,35,48,46,27,87,48,7,48,32,35,27,46,7,Decent
5063,19:33:39,0:00:24.644109,227,C,46,36,51,12,64,36,93,36,9,46,12,51,93,Decent
5063,19:33:40,0:00:24.759510,228,C,60,76,68,65,36,76,100,76,92,60,65,68,100,Decent
5063,19:33:40,0:00:24.875866,229,C,62,33,20,84,93,33,29,33,14,62,84,20,29,Decent
5063,19:33:40,0:00:24.977591,230,C,99,74,78,62,93,74,85,74,24,99,62,78,85,Decent
5063,19:33:40,0:00:25.081719,231,C,51,99,14,74,29,99,7,99,73,51,74,14,7,Decent
5063,19:33:40,0:00:25.189658,232,C,8,43,21,28,63,43,66,43,47,8,28,21,66,Decent
5063,19:33:40,0:00:25.296461,233,C,86,87,94,91,79,87,19,87,90,86,91,94,19,Decent
5063,19:33:40,0:00:25.400797,234,C,97,39,43,14,6,39,76,39,93,97,14,43,76,Decent
5063,19:33:40,0:00:25.505443,235,C,76,48,26,90,39,48,31,48,98,76,90,26,31,Decent
5063,19:33:40,0:00:25.612269,236,C,71,19,71,30,79,19,24,19,2,71,30,71,24,Decent
5063,19:33:41,0:00:25.727368,237,C,18,53,63,79,72,53,46,53,80,18,79,63,46,Decent
5063,19:33:41,0:00:25.837013,238,C,85,71,56,57,69,71,61,71,40,85,57,56,61,Decent
5063,19:33:41,0:00:25.943473,239,C,73,76,88,47,6,76,45,76,7,73,47,88,45,Decent
5063,19:33:41,0:00:26.048669,240,C,25,79,36,33,100,79,15,79,29,25,33,36,15,Decent
5063,19:33:41,0:00:26.165087,241,C,46,45,90,94,91,45,63,45,61,46,94,90,63,Decent
5063,19:33:41,0:00:26.274470,242,C,10,61,98,8,30,61,0,61,33,10,8,98,0,Decent
5063,19:33:41,0:00:26.379429,243,C,25,95,54,47,80,95,1,95,68,25,47,54,1,Decent
5063,19:33:41,0:00:26.485829,244,C,48,83,100,87,67,83,24,83,99,48,87,100,24,Decent
5063,19:33:41,0:00:26.598348,245,C,50,99,18,1,14,99,94,99,47,50,1,18,94,Decent
5063,19:33:42,0:00:26.707144,246,C,59,34,56,51,10,34,88,34,40,59,51,56,88,Decent
5063,19:33:42,0:00:26.815683,247,C,79,98,68,94,19,98,88,98,55,79,94,68,88,Decent
5063,19:33:42,0:00:26.928227,248,C,64,13,2,49,83,13,37,13,1,64,49,2,37,Decent
5063,19:33:42,0:00:27.031265,249,C,80,63,29,17,73,63,36,63,74,80,17,29,36,Decent
5063,19:33:42,0:00:27.140308,250,C,36,15,10,81,38,15,23,15,15,36,81,10,23,Decent
5063,19:33:42,0:00:27.248092,251,C,46,30,58,86,10,30,59,30,95,46,86,58,59,Decent
5063,19:33:42,0:00:27.365363,252,C,77,1,31,50,24,1,48,1,70,77,50,31,48,Decent
5063,19:33:42,0:00:27.479986,253,C,53,100,54,11,94,100,39,100,80,53,11,54,39,Decent
5063,19:33:42,0:00:27.596542,254,C,49,23,93,88,1,23,28,23,91,49,88,93,28,Decent
5063,19:33:43,0:00:27.710087,255,C,81,44,94,7,25,44,15,44,94,81,7,94,15,Decent
5063,19:33:43,0:00:27.820852,256,C,14,54,41,41,91,54,27,54,78,14,41,41,27,Decent
5063,19:33:43,0:00:27.927820,257,C,52,79,42,39,3,79,68,79,72,52,39,42,68,Decent
5063,19:33:43,0:00:28.037589,258,C,97,74,2,96,99,74,89,74,17,97,96,2,89,Decent
5063,19:33:43,0:00:28.145247,259,C,40,34,20,67,30,34,34,34,44,40,67,20,34,Decent
5063,19:33:43,0:00:28.250813,260,C,5,75,86,74,37,75,4,75,92,5,74,86,4,Decent
5063,19:33:43,0:00:28.357003,261,C,4,82,77,62,13,82,33,82,47,4,62,77,33,Decent
5063,19:33:43,0:00:28.472001,262,C,26,9,83,85,5,9,7,9,83,26,85,83,7,Decent
5063,19:33:43,0:00:28.587649,263,C,67,90,71,97,14,90,97,90,66,67,97,71,97,Decent
5063,19:33:44,0:00:28.692697,264,C,94,83,77,70,54,83,96,83,2,94,70,77,96,Decent
5063,19:33:44,0:00:28.796418,265,C,36,38,6,30,46,38,48,38,81,36,30,6,48,Decent
5063,19:33:44,0:00:28.904098,266,C,8,13,88,62,83,13,43,13,77,8,62,88,43,Decent
5063,19:33:44,0:00:29.022107,267,C,2,94,51,10,13,94,83,94,4,2,10,51,83,Decent
5063,19:33:44,0:00:29.128410,268,C,83,91,37,13,23,91,30,91,72,83,13,37,30,Decent
5063,19:33:44,0:00:29.247147,269,C,63,69,36,27,2,69,93,69,15,63,27,36,93,Decent
5063,19:33:44,0:00:29.364805,270,C,86,96,75,17,86,96,72,96,12,86,17,75,72,Decent
5063,19:33:44,0:00:29.469250,271,C,91,68,82,35,44,68,37,68,41,91,35,82,37,Decent
5063,19:33:44,0:00:29.581443,272,C,80,67,18,82,51,67,23,67,27,80,82,18,23,Decent
5063,19:33:45,0:00:29.687405,273,C,43,94,42,87,17,94,27,94,93,43,87,42,27,Decent
5063,19:33:45,0:00:29.792165,274,C,88,5,33,94,80,5,100,5,19,88,94,33,100,Decent
5063,19:33:45,0:00:29.898728,275,C,32,63,98,45,75,63,62,63,96,32,45,98,62,Decent
5063,19:33:45,0:00:30.002493,276,C,50,88,44,5,43,88,50,88,90,50,5,44,50,Decent
5063,19:33:45,0:00:30.113722,277,C,1,29,20,1,71,29,57,29,58,1,1,20,57,Decent
5063,19:33:45,0:00:30.222136,278,C,85,44,100,28,79,44,87,44,28,85,28,100,87,Decent
5063,19:33:45,0:00:30.333599,279,C,22,59,15,76,13,59,43,59,32,22,76,15,43,Decent
5063,19:33:45,0:00:30.439626,280,C,3,100,76,18,96,100,12,100,71,3,18,76,12,Decent
5063,19:33:45,0:00:30.555847,281,C,62,91,50,95,71,91,7,91,33,62,95,50,7,Decent
5063,19:33:45,0:00:30.659778,282,C,79,25,47,5,50,25,54,25,87,79,5,47,54,Decent
5063,19:33:46,0:00:30.764107,283,C,32,5,4,100,41,5,58,5,27,32,100,4,58,Decent
5063,19:33:46,0:00:30.878855,284,C,97,36,16,85,6,36,83,36,15,97,85,16,83,Decent
5063,19:33:46,0:00:30.995246,285,C,49,15,89,9,72,15,96,15,29,49,9,89,96,Decent
5063,19:33:46,0:00:31.111250,286,C,6,34,93,43,28,34,84,34,95,6,43,93,84,Decent
5063,19:33:46,0:00:31.228833,287,C,65,75,8,28,55,75,98,75,23,65,28,8,98,Decent
5063,19:33:46,0:00:31.345247,288,C,16,59,61,57,71,59,66,59,84,16,57,61,66,Decent
5063,19:33:46,0:00:31.446835,289,C,7,3,49,57,87,3,85,3,56,7,57,49,85,Decent
5063,19:33:46,0:00:31.562085,290,C,50,96,26,5,93,96,0,96,48,50,5,26,0,Decent
5063,19:33:46,0:00:31.667518,291,C,94,98,65,90,16,98,59,98,39,94,90,65,59,Decent
5063,19:33:47,0:00:31.778893,292,C,10,73,69,65,94,73,51,73,66,10,65,69,51,Decent
5063,19:33:47,0:00:31.894154,293,C,95,76,78,98,67,76,92,76,56,95,98,78,92,Decent
5063,19:33:47,0:00:31.999895,294,C,13,91,54,20,42,91,9,91,95,13,20,54,9,Decent
5063,19:33:47,0:00:32.114940,295,C,45,24,93,63,47,24,47,24,17,45,63,93,47,Decent
5063,19:33:47,0:00:32.229676,296,C,14,34,34,10,37,34,56,34,21,14,10,34,56,Decent
5063,19:33:47,0:00:32.346678,297,C,47,97,29,40,22,97,76,97,63,47,40,29,76,Decent
5063,19:33:47,0:00:32.451253,298,C,82,40,8,70,70,40,46,40,48,82,70,8,46,Decent
5063,19:33:47,0:00:32.568384,299,C,22,20,65,32,61,20,36,20,6,22,32,65,36,Decent
5063,19:33:48,0:00:32.677397,300,C,43,82,6,98,40,82,75,82,68,43,98,6,75,Decent
5063,19:33:48,0:00:32.783624,301,C,89,17,3,63,21,17,97,17,67,89,63,3,97,Decent
5063,19:33:48,0:00:32.893939,302,C,8,41,12,67,72,41,62,41,23,8,67,12,62,Decent
5063,19:33:48,0:00:32.997871,303,C,20,44,15,51,5,44,51,44,72,20,51,15,51,Decent
5063,19:33:48,0:00:33.101170,304,C,71,70,43,58,77,70,12,70,31,71,58,43,12,Decent
5063,19:33:48,0:00:33.214742,305,C,96,48,49,17,3,48,60,48,49,96,17,49,60,Decent
5063,19:33:48,0:00:33.322104,306,C,24,12,4,71,28,12,80,12,45,24,71,4,80,Decent
5063,19:33:48,0:00:33.426485,307,C,31,53,19,54,27,53,25,53,33,31,54,19,25,Decent
5063,19:33:48,0:00:33.531067,308,C,29,30,48,64,68,30,43,30,55,29,64,48,43,Decent
5063,19:33:48,0:00:33.647642,309,C,62,48,34,100,62,48,61,48,77,62,100,34,61,Decent
5063,19:33:49,0:00:33.761750,310,C,74,56,17,44,41,56,64,56,86,74,44,17,64,Decent
5063,19:33:49,0:00:33.877984,311,C,66,49,11,24,25,49,72,49,8,66,24,11,72,Decent
5063,19:33:49,0:00:33.993775,312,C,32,88,16,7,80,88,45,88,63,32,7,16,45,Decent
5063,19:33:49,0:00:34.097111,313,C,15,83,56,43,58,83,31,83,15,15,43,56,31,Decent
5063,19:33:49,0:00:34.212900,314,C,37,90,40,66,58,90,96,90,87,37,66,40,96,Decent
5063,19:33:49,0:00:34.330759,315,C,84,88,58,69,92,88,47,88,98,84,69,58,47,Decent
5063,19:33:49,0:00:34.433924,316,C,9,3,89,16,34,3,18,3,79,9,16,89,18,Decent
5063,19:33:49,0:00:34.547292,317,C,46,74,80,5,30,74,86,74,20,46,5,80,86,Decent
5063,19:33:49,0:00:34.664314,318,C,33,39,21,16,52,39,95,39,42,33,16,21,95,Decent
5063,19:33:50,0:00:34.781121,319,C,88,16,16,33,100,16,20,16,5,88,33,16,20,Decent
5063,19:33:50,0:00:34.890433,320,C,15,61,69,93,11,61,58,61,57,15,93,69,58,Decent
5063,19:33:50,0:00:34.997397,321,C,27,30,60,71,29,30,94,30,54,27,71,60,94,Decent
5063,19:33:50,0:00:35.102032,322,C,59,31,1,72,36,31,91,31,34,59,72,1,91,Decent
5063,19:33:50,0:00:35.206806,323,C,1,5,15,37,62,5,79,5,6,1,37,15,79,Decent
5063,19:33:50,0:00:35.322328,324,C,63,41,14,84,43,41,67,41,7,63,84,14,67,Decent
5063,19:33:50,0:00:35.427094,325,C,33,59,59,72,42,59,28,59,100,33,72,59,28,Decent
5063,19:33:50,0:00:35.532008,326,C,16,36,90,97,16,36,43,36,45,16,97,90,43,Decent
5063,19:33:50,0:00:35.642391,327,C,54,47,60,21,71,47,82,47,94,54,21,60,82,Decent
5063,19:33:51,0:00:35.752601,328,C,95,24,8,42,63,24,47,24,91,95,42,8,47,Decent
5063,19:33:51,0:00:35.860838,329,C,83,3,6,86,51,3,47,3,96,83,86,6,47,Decent
5063,19:33:51,0:00:35.974058,330,C,41,10,95,100,3,10,69,10,26,41,100,95,69,Decent
5063,19:33:51,0:00:36.081549,331,C,6,7,65,9,4,7,44,7,60,6,9,65,44,Decent
5063,19:33:51,0:00:36.185305,332,C,72,58,47,60,57,58,29,58,30,72,60,47,29,Decent
5063,19:33:51,0:00:36.289670,333,C,7,43,28,78,84,43,91,43,89,7,78,28,91,Decent
5063,19:33:51,0:00:36.394039,334,C,38,55,76,77,14,55,24,55,87,38,77,76,24,Decent
5063,19:33:51,0:00:36.499077,335,C,59,56,33,47,23,56,37,56,93,59,47,33,37,Decent
5063,19:33:51,0:00:36.602734,336,C,4,1,49,20,84,1,67,1,70,4,20,49,67,Decent
5063,19:33:52,0:00:36.711276,337,C,77,11,100,12,60,11,80,11,95,77,12,100,80,Decent
5063,19:33:52,0:00:36.827063,338,C,89,4,33,65,28,4,31,4,52,89,65,33,31,Decent
5063,19:33:52,0:00:36.947502,339,C,33,37,95,31,12,37,35,37,89,33,31,95,35,Decent
5063,19:33:52,0:00:37.050459,340,C,53,98,99,40,36,98,74,98,62,53,40,99,74,Decent
5063,19:33:52,0:00:37.162280,341,C,60,59,33,68,64,59,48,59,64,60,68,33,48,Decent
5063,19:33:52,0:00:37.279459,342,C,71,87,71,33,39,87,10,87,53,71,33,71,10,Decent
5063,19:33:52,0:00:37.383866,343,C,32,59,74,51,42,59,12,59,69,32,51,74,12,Decent
5063,19:33:52,0:00:37.494163,344,C,25,86,29,29,60,86,55,86,91,25,29,29,55,Decent
5063,19:33:52,0:00:37.610815,345,C,83,100,60,97,96,100,93,100,81,83,97,60,93,Decent
5063,19:33:53,0:00:37.717203,346,C,7,16,88,28,6,16,66,16,8,7,28,88,66,Decent
5063,19:33:53,0:00:37.827728,347,C,89,24,39,75,90,24,65,24,6,89,75,39,65,Decent
5063,19:33:53,0:00:37.942026,348,C,79,70,48,19,70,70,93,70,21,79,19,48,93,Decent
5063,19:33:53,0:00:38.048326,349,C,95,93,29,6,58,93,50,93,24,95,6,29,50,Decent
5063,19:33:53,0:00:38.157901,350,C,46,3,93,76,81,3,35,3,82,46,76,93,35,Decent
5063,19:33:53,0:00:38.263185,351,C,37,76,65,93,60,76,92,76,41,37,93,65,92,Decent
5063,19:33:53,0:00:38.370215,352,C,46,74,5,61,93,74,11,74,68,46,61,5,11,Decent
5063,19:33:53,0:00:38.483844,353,C,8,91,54,7,87,91,20,91,37,8,7,54,20,Decent
5063,19:33:53,0:00:38.594579,354,C,85,99,42,99,91,99,39,99,6,85,99,42,39,Decent
5063,19:33:54,0:00:38.701632,355,C,99,56,37,22,37,56,63,56,42,99,22,37,63,Decent
5063,19:33:54,0:00:38.812668,356,C,17,30,81,42,99,30,74,30,1,17,42,81,74,Decent
5063,19:33:54,0:00:38.932366,357,C,88,33,71,55,20,33,58,33,49,88,55,71,58,Decent
5063,19:33:54,0:00:39.044037,358,C,65,63,32,90,50,63,78,63,42,65,90,32,78,Decent
5063,19:33:54,0:00:39.147467,359,C,69,26,33,3,84,26,18,26,17,69,3,33,18,Decent
5063,19:33:54,0:00:39.251144,360,C,75,98,96,100,75,98,64,98,39,75,100,96,64,Decent
5063,19:33:54,0:00:39.358703,361,C,86,62,30,83,44,62,72,62,27,86,83,30,72,Decent
5063,19:33:54,0:00:39.474100,362,C,100,10,66,23,86,10,30,10,9,100,23,66,30,Decent
5063,19:33:54,0:00:39.576808,363,C,44,22,18,41,66,22,6,22,100,44,41,18,6,Decent
5063,19:33:55,0:00:39.692103,364,C,1,41,15,6,79,41,6,41,45,1,6,15,6,Decent
5063,19:33:55,0:00:39.798161,365,C,17,32,65,31,33,32,63,32,12,17,31,65,63,Decent
5063,19:33:55,0:00:39.902662,366,C,49,75,20,43,70,75,46,75,96,49,43,20,46,Decent
5063,19:33:55,0:00:40.021069,367,C,35,80,39,65,17,80,69,80,68,35,65,39,69,Decent
5063,19:33:55,0:00:40.127242,368,C,20,0,93,75,49,0,50,0,27,20,75,93,50,Decent
5063,19:33:55,0:00:40.241070,369,C,69,15,87,20,60,15,72,15,47,69,20,87,72,Decent
5063,19:33:55,0:00:40.347695,370,C,1,6,5,63,0,6,42,6,91,1,63,5,42,Decent
5063,19:33:55,0:00:40.460154,371,C,58,15,18,70,50,15,18,15,31,58,70,18,18,Decent
5063,19:33:55,0:00:40.574671,372,C,68,39,37,81,69,39,73,39,27,68,81,37,73,Decent
5063,19:33:56,0:00:40.691363,373,C,40,88,17,87,95,88,46,88,58,40,87,17,46,Decent
5063,19:33:56,0:00:40.793929,374,C,93,44,28,27,35,44,83,44,19,93,27,28,83,Decent
5063,19:33:56,0:00:40.900108,375,C,85,31,55,25,17,31,26,31,2,85,25,55,26,Decent
5063,19:33:56,0:00:41.004654,376,C,68,100,89,79,75,100,56,100,36,68,79,89,56,Decent
5063,19:33:56,0:00:41.111533,377,C,14,51,32,54,77,51,10,51,71,14,54,32,10,Decent
5063,19:33:56,0:00:41.216779,378,C,41,3,34,85,41,3,99,3,99,41,85,34,99,Decent
5063,19:33:56,0:00:41.322547,379,C,19,2,88,78,66,2,83,2,79,19,78,88,83,Decent
5063,19:33:56,0:00:41.436609,380,C,77,66,33,15,46,66,78,66,70,77,15,33,78,Decent
5063,19:33:56,0:00:41.544883,381,C,46,44,0,2,48,44,14,44,95,46,2,0,14,Decent
5063,19:33:56,0:00:41.651128,382,C,29,42,88,100,35,42,31,42,86,29,100,88,31,Decent
5063,19:33:57,0:00:41.768325,383,C,54,47,72,62,92,47,19,47,20,54,62,72,19,Decent
5063,19:33:57,0:00:41.877926,384,C,89,7,16,55,15,7,3,7,36,89,55,16,3,Decent
5063,19:33:57,0:00:41.980756,385,C,10,20,71,5,74,20,20,20,25,10,5,71,20,Decent
5063,19:33:57,0:00:42.097160,386,C,29,51,90,75,23,51,3,51,98,29,75,90,3,Decent
5063,19:33:57,0:00:42.202714,387,C,10,77,20,23,86,77,82,77,90,10,23,20,82,Decent
5063,19:33:57,0:00:42.311072,388,C,67,30,4,44,44,30,60,30,19,67,44,4,60,Decent
5063,19:33:57,0:00:42.417277,389,C,73,38,15,53,24,38,9,38,34,73,53,15,9,Decent
5063,19:33:57,0:00:42.524410,390,C,40,86,3,100,12,86,96,86,6,40,100,3,96,Decent
5063,19:33:57,0:00:42.643232,391,C,23,89,33,19,0,89,97,89,40,23,19,33,97,Decent
5063,19:33:58,0:00:42.749801,392,C,99,28,98,92,22,28,57,28,75,99,92,98,57,Decent
5063,19:33:58,0:00:42.855220,393,C,25,23,85,54,46,23,55,23,76,25,54,85,55,Decent
5063,19:33:58,0:00:42.964107,394,C,85,7,73,63,81,7,49,7,83,85,63,73,49,Decent
5063,19:33:58,0:00:43.081404,395,C,20,23,99,23,86,23,18,23,25,20,23,99,18,Decent
5063,19:33:58,0:00:43.198680,396,C,17,91,10,19,44,91,47,91,39,17,19,10,47,Decent
5063,19:33:58,0:00:43.306455,397,C,53,10,72,47,87,10,24,10,93,53,47,72,24,Decent
5063,19:33:58,0:00:43.410546,398,C,50,24,46,16,70,24,88,24,74,50,16,46,88,Decent
5063,19:33:58,0:00:43.527678,399,C,54,39,49,100,39,39,8,39,84,54,100,49,8,Decent
5063,19:33:58,0:00:43.631974,400,C,29,91,16,65,22,91,22,91,38,29,65,16,22,Decent
5063,19:33:59,0:00:43.736705,401,C,42,19,76,92,59,19,41,19,64,42,92,76,41,Decent
5063,19:33:59,0:00:43.853092,402,C,64,88,90,44,54,88,64,88,64,64,44,90,64,Decent
5063,19:33:59,0:00:43.959781,403,C,94,25,3,7,48,25,99,25,28,94,7,3,99,Decent
5063,19:33:59,0:00:44.066272,404,C,23,38,82,77,98,38,34,38,30,23,77,82,34,Decent
5063,19:33:59,0:00:44.172287,405,C,76,62,44,36,83,62,1,62,3,76,36,44,1,Decent
5063,19:33:59,0:00:44.293123,406,C,81,2,44,12,40,2,63,2,87,81,12,44,63,Decent
5063,19:33:59,0:00:44.409671,407,C,74,47,40,21,37,47,69,47,89,74,21,40,69,Decent
5063,19:33:59,0:00:44.512534,408,C,10,29,11,2,42,29,76,29,72,10,2,11,76,Decent
5063,19:33:59,0:00:44.630277,409,C,55,86,62,68,89,86,19,86,8,55,68,62,19,Decent
5063,19:34:00,0:00:44.740742,410,C,30,59,85,13,33,59,97,59,16,30,13,85,97,Decent
5063,19:34:00,0:00:44.850493,411,C,89,91,20,55,20,91,10,91,28,89,55,20,10,Decent
5063,19:34:00,0:00:44.955801,412,C,34,99,31,48,34,99,5,99,72,34,48,31,5,Decent
5063,19:34:00,0:00:45.066445,413,C,98,54,94,30,76,54,5,54,57,98,30,94,5,Decent
5063,19:34:00,0:00:45.177057,414,C,60,0,3,11,32,0,12,0,31,60,11,3,12,Decent
5063,19:34:00,0:00:45.290603,415,C,34,57,6,61,90,57,73,57,58,34,61,6,73,Decent
5063,19:34:00,0:00:45.396649,416,C,16,13,33,64,75,13,31,13,36,16,64,33,31,Decent
5063,19:34:00,0:00:45.504603,417,C,0,58,20,93,46,58,76,58,15,0,93,20,76,Decent
5063,19:34:00,0:00:45.613502,418,C,34,56,3,72,98,56,95,56,15,34,72,3,95,Decent
5063,19:34:01,0:00:45.730084,419,C,8,24,24,73,4,24,0,24,22,8,73,24,0,Decent
5063,19:34:01,0:00:45.845671,420,C,53,43,86,0,95,43,36,43,95,53,0,86,36,Decent
5063,19:34:01,0:00:45.959743,421,C,19,88,48,41,15,88,29,88,20,19,41,48,29,Decent
5063,19:34:01,0:00:46.075790,422,C,74,21,25,39,82,21,96,21,36,74,39,25,96,Decent
5063,19:34:01,0:00:46.193979,423,C,95,28,94,23,10,28,92,28,10,95,23,94,92,Decent
5063,19:34:01,0:00:46.302252,424,C,23,92,14,9,44,92,73,92,83,23,9,14,73,Decent
5063,19:34:01,0:00:46.413300,425,C,60,76,4,89,85,76,69,76,81,60,89,4,69,Decent
5063,19:34:01,0:00:46.528935,426,C,66,12,80,57,91,12,66,12,43,66,57,80,66,Decent
5063,19:34:01,0:00:46.635658,427,C,15,69,1,4,27,69,99,69,22,15,4,1,99,Decent
5063,19:34:02,0:00:46.746987,428,C,43,29,78,66,66,29,6,29,80,43,66,78,6,Decent
5063,19:34:02,0:00:46.859269,429,C,10,21,43,75,68,21,9,21,25,10,75,43,9,Decent
5063,19:34:02,0:00:46.963027,430,C,16,56,52,19,13,56,34,56,82,16,19,52,34,Decent
5063,19:34:02,0:00:47.071847,431,C,82,90,78,37,70,90,29,90,6,82,37,78,29,Decent
5063,19:34:02,0:00:47.188377,432,C,96,45,21,41,86,45,47,45,69,96,41,21,47,Decent
5063,19:34:02,0:00:47.294366,433,C,1,77,9,62,46,77,22,77,71,1,62,9,22,Decent
5063,19:34:02,0:00:47.409118,434,C,30,82,5,98,0,82,85,82,52,30,98,5,85,Decent
5063,19:34:02,0:00:47.526964,435,C,15,41,37,60,69,41,45,41,49,15,60,37,45,Decent
5063,19:34:02,0:00:47.631152,436,C,12,26,36,55,75,26,65,26,50,12,55,36,65,Decent
5063,19:34:03,0:00:47.742919,437,C,76,40,41,36,14,40,94,40,8,76,36,41,94,Decent
5063,19:34:03,0:00:47.849684,438,C,9,78,59,55,57,78,57,78,82,9,55,59,57,Decent
5063,19:34:03,0:00:47.957620,439,C,97,98,36,84,60,98,59,98,33,97,84,36,59,Decent
5063,19:34:03,0:00:48.073670,440,C,21,55,22,22,98,55,64,55,99,21,22,22,64,Decent
5063,19:34:03,0:00:48.182821,441,C,3,87,54,94,100,87,79,87,38,3,94,54,79,Decent
5063,19:34:03,0:00:48.288240,442,C,50,100,37,17,12,100,83,100,93,50,17,37,83,Decent
5063,19:34:03,0:00:48.394430,443,C,84,24,68,90,28,24,44,24,90,84,90,68,44,Decent
5063,19:34:03,0:00:48.510132,444,C,46,84,93,46,38,84,33,84,70,46,46,93,33,Decent
5063,19:34:03,0:00:48.617326,445,C,8,64,13,16,73,64,67,64,96,8,16,13,67,Decent
5063,19:34:04,0:00:48.733687,446,C,18,70,69,48,64,70,20,70,23,18,48,69,20,Decent
5063,19:34:04,0:00:48.836990,447,C,86,46,18,48,27,46,59,46,84,86,48,18,59,Decent
5063,19:34:04,0:00:48.941372,448,C,21,48,51,17,96,48,83,48,34,21,17,51,83,Decent
5063,19:34:04,0:00:49.049687,449,C,16,80,43,57,81,80,23,80,36,16,57,43,23,Decent
5063,19:34:04,0:00:49.168693,450,C,61,54,66,16,98,54,69,54,12,61,16,66,69,Decent
5063,19:34:04,0:00:49.272215,451,C,91,58,20,85,34,58,89,58,21,91,85,20,89,Decent
5063,19:34:04,0:00:49.379968,452,C,85,88,55,90,13,88,69,88,35,85,90,55,69,Decent
5063,19:34:04,0:00:49.496562,453,C,98,93,81,45,83,93,14,93,77,98,45,81,14,Decent
5063,19:34:04,0:00:49.600178,454,C,79,77,2,5,16,77,52,77,91,79,5,2,52,Decent
5063,19:34:05,0:00:49.705691,455,C,5,95,48,84,14,95,7,95,83,5,84,48,7,Decent
5063,19:34:05,0:00:49.818322,456,C,91,15,33,56,66,15,29,15,8,91,56,33,29,Decent
5063,19:34:05,0:00:49.922629,457,C,49,36,63,93,74,36,3,36,89,49,93,63,3,Decent
5063,19:34:05,0:00:50.034117,458,C,97,49,93,60,78,49,35,49,58,97,60,93,35,Decent
5063,19:34:05,0:00:50.144410,459,C,45,87,78,14,27,87,36,87,93,45,14,78,36,Decent
5063,19:34:05,0:00:50.259168,460,C,98,43,51,27,53,43,62,43,14,98,27,51,62,Decent
5063,19:34:05,0:00:50.377588,461,C,97,74,68,21,44,74,20,74,78,97,21,68,20,Decent
5063,19:34:05,0:00:50.485321,462,C,97,40,91,27,37,40,11,40,4,97,27,91,11,Decent
5063,19:34:05,0:00:50.589217,463,C,32,17,39,0,33,17,4,17,74,32,0,39,4,Decent
5063,19:34:06,0:00:50.695262,464,C,75,3,92,78,47,3,58,3,36,75,78,92,58,Decent
5063,19:34:06,0:00:50.801540,465,C,17,35,25,35,70,35,52,35,32,17,35,25,52,Decent
5063,19:34:06,0:00:50.908489,466,C,81,66,34,23,88,66,42,66,92,81,23,34,42,Decent
5063,19:34:06,0:00:51.014319,467,C,81,28,17,86,30,28,86,28,52,81,86,17,86,Decent
5063,19:34:06,0:00:51.130508,468,C,78,93,5,97,41,93,28,93,42,78,97,5,28,Decent
5063,19:34:06,0:00:51.240073,469,C,65,93,61,12,53,93,52,93,93,65,12,61,52,Decent
5063,19:34:06,0:00:51.343916,470,C,2,13,26,34,46,13,44,13,63,2,34,26,44,Decent
5063,19:34:06,0:00:51.452556,471,C,13,8,34,25,100,8,11,8,80,13,25,34,11,Decent
5063,19:34:06,0:00:51.557504,472,C,84,28,55,40,17,28,33,28,49,84,40,55,33,Decent
5063,19:34:06,0:00:51.667227,473,C,78,7,43,42,25,7,75,7,0,78,42,43,75,Decent
5063,19:34:07,0:00:51.778917,474,C,2,40,39,98,74,40,81,40,91,2,98,39,81,Decent
5063,19:34:07,0:00:51.897141,475,C,81,7,97,81,6,7,20,7,19,81,81,97,20,Decent
5063,19:34:07,0:00:52.006493,476,C,13,46,27,2,98,46,28,46,95,13,2,27,28,Decent
5063,19:34:07,0:00:52.123596,477,C,90,86,94,38,23,86,74,86,38,90,38,94,74,Decent
5063,19:34:07,0:00:52.231835,478,C,42,73,90,46,41,73,82,73,1,42,46,90,82,Decent
5063,19:34:07,0:00:52.340852,479,C,19,60,15,66,14,60,87,60,66,19,66,15,87,Decent
5063,19:34:07,0:00:52.450628,480,C,34,94,52,89,26,94,84,94,86,34,89,52,84,Decent
5063,19:34:07,0:00:52.555952,481,C,68,69,57,54,65,69,13,69,73,68,54,57,13,Decent
5063,19:34:07,0:00:52.661687,482,C,95,51,86,50,69,51,41,51,78,95,50,86,41,Decent
5063,19:34:08,0:00:52.767663,483,C,41,2,19,33,7,2,48,2,21,41,33,19,48,Decent
5063,19:34:08,0:00:52.876776,484,C,59,1,21,56,64,1,14,1,77,59,56,21,14,Decent
5063,19:34:08,0:00:52.983136,485,C,93,73,48,1,20,73,78,73,68,93,1,48,78,Decent
5063,19:34:08,0:00:53.087937,486,C,39,0,75,35,6,0,0,0,63,39,35,75,0,Decent
5063,19:34:08,0:00:53.191808,487,C,69,55,98,81,96,55,55,55,7,69,81,98,55,Decent
5063,19:34:08,0:00:53.300570,488,C,37,22,36,54,19,22,12,22,54,37,54,36,12,Decent
5063,19:34:08,0:00:53.405037,489,C,64,77,53,86,0,77,79,77,28,64,86,53,79,Decent
5063,19:34:08,0:00:53.520219,490,C,16,66,35,52,81,66,0,66,79,16,52,35,0,Decent
5063,19:34:08,0:00:53.626012,491,C,60,13,58,41,65,13,87,13,63,60,41,58,87,Decent
5063,19:34:09,0:00:53.733484,492,C,53,51,86,70,1,51,34,51,2,53,70,86,34,Decent
5063,19:34:09,0:00:53.847278,493,C,24,85,50,99,49,85,62,85,62,24,99,50,62,Decent
5063,19:34:09,0:00:53.955066,494,C,89,39,74,51,83,39,6,39,52,89,51,74,6,Decent
5063,19:34:09,0:00:54.062390,495,C,71,48,60,93,65,48,99,48,32,71,93,60,99,Decent
5063,19:34:09,0:00:54.169228,496,C,46,46,13,76,89,46,5,46,51,46,76,13,5,Decent
5063,19:34:09,0:00:54.279109,497,C,49,85,43,3,97,85,30,85,79,49,3,43,30,Decent
5063,19:34:09,0:00:54.392059,498,C,10,91,61,71,42,91,42,91,16,10,71,61,42,Decent
5063,19:34:09,0:00:54.496381,499,C,19,53,16,59,45,53,20,53,71,19,59,16,20,Decent
5063,19:34:09,0:00:54.598953,500,C,62,95,20,66,66,95,34,95,71,62,66,20,34,Decent
5063,19:34:10,0:00:54.710112,501,C,41,20,41,9,23,20,17,20,3,41,9,41,17,Decent
5063,19:34:10,0:00:54.817069,502,C,25,37,37,53,44,37,90,37,67,25,53,37,90,Decent
5063,19:34:10,0:00:54.919951,503,C,74,33,73,48,71,33,77,33,86,74,48,73,77,Decent
5063,19:34:10,0:00:55.027332,504,C,8,4,28,76,79,4,9,4,2,8,76,28,9,Decent
5063,19:34:10,0:00:55.131754,505,C,62,60,43,40,57,60,17,60,62,62,40,43,17,Decent
5063,19:34:10,0:00:55.240352,506,C,46,74,89,72,9,74,89,74,26,46,72,89,89,Decent
5063,19:34:10,0:00:55.354906,507,C,14,77,74,39,30,77,98,77,20,14,39,74,98,Decent
5063,19:34:10,0:00:55.459095,508,C,71,42,46,72,92,42,75,42,52,71,72,46,75,Decent
5063,19:34:10,0:00:55.571895,509,C,62,62,4,23,41,62,14,62,13,62,23,4,14,Decent
5063,19:34:11,0:00:55.677224,510,C,90,2,22,89,59,2,80,2,43,90,89,22,80,Decent
5063,19:34:11,0:00:55.780873,511,C,18,73,96,76,74,73,76,73,57,18,76,96,76,Decent
5063,19:34:11,0:00:55.887000,512,C,67,32,5,31,63,32,67,32,6,67,31,5,67,Decent
5063,19:34:11,0:00:55.990784,513,C,59,70,57,74,45,70,73,70,36,59,74,57,73,Decent
5063,19:34:11,0:00:56.098924,514,C,66,98,61,86,92,98,29,98,3,66,86,61,29,Decent
5063,19:34:11,0:00:56.210861,515,C,67,16,12,59,63,16,55,16,78,67,59,12,55,Decent
5063,19:34:11,0:00:56.316017,516,C,30,40,40,39,82,40,85,40,40,30,39,40,85,Decent
5063,19:34:11,0:00:56.429826,517,C,26,49,33,37,72,49,51,49,60,26,37,33,51,Decent
5063,19:34:11,0:00:56.535795,518,C,94,69,14,40,64,69,75,69,31,94,40,14,75,Decent
5063,19:34:11,0:00:56.645106,519,C,88,74,43,75,1,74,86,74,7,88,75,43,86,Decent
5063,19:34:12,0:00:56.759237,520,C,64,72,90,42,26,72,77,72,54,64,42,90,77,Decent
5063,19:34:12,0:00:56.873608,521,C,32,17,29,87,41,17,47,17,3,32,87,29,47,Decent
5063,19:34:12,0:00:56.989197,522,C,62,41,93,92,71,41,69,41,72,62,92,93,69,Decent
5063,19:34:12,0:00:57.096217,523,C,8,12,14,8,87,12,14,12,0,8,8,14,14,Decent
5063,19:34:12,0:00:57.202000,524,C,21,27,42,7,100,27,22,27,37,21,7,42,22,Decent
5063,19:34:12,0:00:57.314827,525,C,36,96,40,28,42,96,92,96,58,36,28,40,92,Decent
5063,19:34:12,0:00:57.429764,526,C,53,91,57,28,72,91,63,91,49,53,28,57,63,Decent
5063,19:34:12,0:00:57.543882,527,C,74,19,65,32,29,19,99,19,15,74,32,65,99,Decent
5063,19:34:12,0:00:57.646755,528,C,93,70,88,18,9,70,20,70,93,93,18,88,20,Decent
5063,19:34:13,0:00:57.753164,529,C,13,14,100,37,23,14,92,14,77,13,37,100,92,Decent
5063,19:34:13,0:00:57.863921,530,C,3,81,20,97,76,81,16,81,12,3,97,20,16,Decent
5063,19:34:13,0:00:57.975564,531,C,95,68,91,61,56,68,12,68,3,95,61,91,12,Decent
5063,19:34:13,0:00:58.094108,532,C,73,30,8,29,11,30,29,30,29,73,29,8,29,Decent
5063,19:34:13,0:00:58.200995,533,C,74,38,25,93,2,38,88,38,67,74,93,25,88,Decent
5063,19:34:13,0:00:58.308431,534,C,74,88,80,44,84,88,25,88,28,74,44,80,25,Decent
5063,19:34:13,0:00:58.426032,535,C,14,35,14,79,21,35,87,35,49,14,79,14,87,Decent
5063,19:34:13,0:00:58.535472,536,C,61,49,28,64,45,49,81,49,24,61,64,28,81,Decent
5063,19:34:13,0:00:58.638277,537,C,74,57,55,14,65,57,49,57,62,74,14,55,49,Decent
5063,19:34:14,0:00:58.746350,538,C,34,55,85,97,90,55,36,55,33,34,97,85,36,Decent
5063,19:34:14,0:00:58.850249,539,C,90,99,20,24,57,99,70,99,79,90,24,20,70,Decent
5063,19:34:14,0:00:58.958380,540,C,49,58,87,20,49,58,38,58,54,49,20,87,38,Decent
5063,19:34:14,0:00:59.066143,541,C,27,39,92,60,71,39,60,39,92,27,60,92,60,Decent
5063,19:34:14,0:00:59.176342,542,C,68,74,91,35,90,74,57,74,53,68,35,91,57,Decent
5063,19:34:14,0:00:59.281306,543,C,71,27,34,40,82,27,93,27,84,71,40,34,93,Decent
5063,19:34:14,0:00:59.397782,544,C,28,48,36,35,18,48,3,48,96,28,35,36,3,Decent
5063,19:34:14,0:00:59.506576,545,C,22,21,54,71,42,21,82,21,74,22,71,54,82,Decent
5063,19:34:14,0:00:59.612748,546,C,5,29,49,82,15,29,11,29,62,5,82,49,11,Decent
5063,19:34:15,0:00:59.719049,547,C,8,3,0,27,54,3,3,3,78,8,27,0,3,Decent
5063,19:34:15,0:00:59.831408,548,C,99,91,13,26,78,91,7,91,42,99,26,13,7,Decent
5063,19:34:15,0:00:59.948473,549,C,49,29,83,76,13,29,5,29,2,49,76,83,5,Decent
5063,19:34:15,0:01:00.058444,550,C,13,91,18,93,50,91,44,91,78,13,93,18,44,Decent
5063,19:34:15,0:01:00.167887,551,C,14,14,86,49,42,14,89,14,60,14,49,86,89,Decent
5063,19:34:15,0:01:00.275329,552,C,87,63,46,15,87,63,18,63,66,87,15,46,18,Decent
5063,19:34:15,0:01:00.390990,553,C,85,8,97,90,74,8,84,8,2,85,90,97,84,Decent
5063,19:34:15,0:01:00.496180,554,C,76,36,59,15,79,36,92,36,69,76,15,59,92,Decent
5063,19:34:15,0:01:00.610770,555,C,23,68,18,55,6,68,62,68,44,23,55,18,62,Decent
5063,19:34:16,0:01:00.728882,556,C,33,23,84,88,27,23,44,23,17,33,88,84,44,Decent
5063,19:34:16,0:01:00.841893,557,C,88,18,90,67,86,18,50,18,37,88,67,90,50,Decent
5063,19:34:16,0:01:00.958448,558,C,67,56,90,50,25,56,91,56,67,67,50,90,91,Decent
5063,19:34:16,0:01:01.068936,559,C,32,70,87,38,23,70,100,70,91,32,38,87,100,Decent
5063,19:34:16,0:01:01.171948,560,C,97,89,69,9,35,89,99,89,21,97,9,69,99,Decent
5063,19:34:16,0:01:01.278866,561,C,93,85,77,9,96,85,90,85,5,93,9,77,90,Decent
5063,19:34:16,0:01:01.396300,562,C,44,21,80,93,66,21,0,21,69,44,93,80,0,Decent
5063,19:34:16,0:01:01.506429,563,C,57,43,21,93,36,43,94,43,81,57,93,21,94,Decent
5063,19:34:16,0:01:01.623946,564,C,79,32,5,57,93,32,38,32,5,79,57,5,38,Decent
5063,19:34:17,0:01:01.739090,565,C,94,39,41,81,48,39,67,39,61,94,81,41,67,Decent
5063,19:34:17,0:01:01.844383,566,C,70,79,5,47,93,79,79,79,47,70,47,5,79,Decent
5063,19:34:17,0:01:01.950643,567,C,43,87,10,53,81,87,46,87,35,43,53,10,46,Decent
5063,19:34:17,0:01:02.056051,568,C,53,30,23,43,92,30,23,30,18,53,43,23,23,Decent
5063,19:34:17,0:01:02.174551,569,C,39,50,8,65,19,50,24,50,26,39,65,8,24,Decent
5063,19:34:17,0:01:02.293583,570,C,56,35,46,0,15,35,85,35,93,56,0,46,85,Decent
5063,19:34:17,0:01:02.395190,571,C,97,11,12,26,83,11,45,11,43,97,26,12,45,Decent
5063,19:34:17,0:01:02.509377,572,C,45,21,95,67,1,21,1,21,66,45,67,95,1,Decent
5063,19:34:17,0:01:02.623589,573,C,3,9,9,33,95,9,14,9,27,3,33,9,14,Decent
5063,19:34:18,0:01:02.738119,574,C,13,19,22,25,28,19,42,19,92,13,25,22,42,Decent
5063,19:34:18,0:01:02.845361,575,C,98,67,27,91,42,67,12,67,66,98,91,27,12,Decent
5063,19:34:18,0:01:02.955467,576,C,59,19,8,87,89,19,44,19,3,59,87,8,44,Decent
5063,19:34:18,0:01:03.071783,577,C,37,56,49,61,9,56,19,56,50,37,61,49,19,Decent
5063,19:34:18,0:01:03.187102,578,C,40,79,53,11,51,79,78,79,15,40,11,53,78,Decent
5063,19:34:18,0:01:03.293472,579,C,4,79,75,49,84,79,69,79,59,4,49,75,69,Decent
5063,19:34:18,0:01:03.399531,580,C,78,72,59,59,45,72,100,72,71,78,59,59,100,Decent
5063,19:34:18,0:01:03.507250,581,C,1,97,82,27,86,97,35,97,64,1,27,82,35,Decent
5063,19:34:18,0:01:03.614337,582,C,42,54,83,79,83,54,76,54,80,42,79,83,76,Decent
5063,19:34:19,0:01:03.725089,583,C,1,10,47,41,45,10,49,10,12,1,41,47,49,Decent
5063,19:34:19,0:01:03.842616,584,C,68,93,64,87,99,93,67,93,49,68,87,64,67,Decent
5063,19:34:19,0:01:03.952765,585,C,29,46,84,95,50,46,36,46,84,29,95,84,36,Decent
5063,19:34:19,0:01:04.059725,586,C,49,71,76,33,56,71,34,71,30,49,33,76,34,Decent
5063,19:34:19,0:01:04.165606,587,C,23,75,92,25,65,75,31,75,61,23,25,92,31,Decent
5063,19:34:19,0:01:04.272434,588,C,34,57,91,31,49,57,63,57,50,34,31,91,63,Decent
5063,19:34:19,0:01:04.377802,589,C,89,85,82,55,86,85,26,85,2,89,55,82,26,Decent
5063,19:34:19,0:01:04.483933,590,C,12,27,77,59,13,27,57,27,1,12,59,77,57,Decent
5063,19:34:19,0:01:04.592690,591,C,48,85,85,26,12,85,90,85,75,48,26,85,90,Decent
5063,19:34:20,0:01:04.698418,592,C,8,85,93,83,58,85,12,85,59,8,83,93,12,Decent
5063,19:34:20,0:01:04.804811,593,C,17,24,77,26,87,24,90,24,72,17,26,77,90,Decent
5063,19:34:20,0:01:04.919636,594,C,4,82,18,24,67,82,77,82,82,4,24,18,77,Decent
5063,19:34:20,0:01:05.024686,595,C,17,90,5,2,89,90,16,90,3,17,2,5,16,Decent
5063,19:34:20,0:01:05.136967,596,C,91,65,51,80,2,65,17,65,29,91,80,51,17,Decent
5063,19:34:20,0:01:05.241799,597,C,40,90,56,47,97,90,78,90,83,40,47,56,78,Decent
5063,19:34:20,0:01:05.343697,598,C,37,32,93,33,24,32,82,32,39,37,33,93,82,Decent
5063,19:34:20,0:01:05.458304,599,C,76,26,93,15,48,26,96,26,93,76,15,93,96,Decent
5063,19:34:20,0:01:05.564713,600,C,15,92,65,36,73,92,80,92,45,15,36,65,80,Decent
